id_a,id_b,rating_a,rating_b,expected,prediction,is_correct,raw_response
7236,1361,2.6,1.3,A,A,True,<answer>A</answer>
1248,392,3.39,2.39,A,B,False,<answer>B</answer>
7999,6688,1.0,2.88,B,A,False,<answer>A</answer>
7233,2625,1.58,2.72,B,B,True,<answer>B</answer>
3693,4503,2.63,0.82,A,A,True,<answer>A</answer>
1291,4766,1.95,3.0,B,B,True,<answer>B</answer>
5037,1676,1.22,2.4,B,A,False,<answer>A</answer>
3036,3831,3.05,1.29,A,B,False,<answer>B</answer>
4921,2184,2.25,3.26,B,A,False,<answer>A</answer>
2289,7098,1.79,2.8,B,B,True,<answer>B</answer>
3048,419,0.68,2.65,B,A,False,<answer>A</answer>
3560,5324,2.7,1.61,A,B,False,<answer>B</answer>
4174,7518,3.25,1.92,A,A,True,<answer>A</answer>
6603,5250,3.3,1.0,A,B,False,<answer>B</answer>
7160,3483,0.56,1.71,B,B,True,<answer>B</answer>
6527,6755,1.1,2.7,B,B,True,<answer>B</answer>
5078,7916,3.0,1.15,A,B,False,<answer>B</answer>
7024,3336,1.06,2.5,B,A,False,<answer>A</answer>
6021,2118,2.85,0.7,A,B,False,<answer>B</answer>
2377,6724,3.75,2.72,A,A,True,<answer>A</answer>
2048,2626,2.95,1.58,A,A,True,<answer>A</answer>
1496,4825,1.35,3.15,B,B,True,<answer>B</answer>
755,3200,1.45,2.78,B,A,False,<answer>A</answer>
5640,2800,1.12,2.3,B,B,True,<answer>B</answer>
1626,5995,2.6,1.32,A,A,True,<answer>A</answer>
278,7807,3.05,2.0,A,B,False,<answer>B</answer>
2526,5406,1.7,3.0,B,B,True,<answer>B</answer>
6190,707,0.95,2.68,B,A,False,<answer>A</answer>
5625,1883,3.0,0.7,A,A,True,<answer>A</answer>
6133,3320,1.11,2.68,B,A,False,<answer>A</answer>
5188,30,2.45,1.21,A,B,False,<answer>B</answer>
3783,6036,1.42,2.76,B,A,False,<answer>A</answer>
766,7684,2.72,1.58,A,A,True,<answer>A</answer>
7058,6656,1.85,3.21,B,B,True,<answer>B</answer>
1079,5590,1.05,2.33,B,B,True,<answer>B</answer>
3459,4196,1.65,2.65,B,B,True,<answer>B</answer>
3980,1755,2.5,1.29,A,B,False,I find <answer>B</answer> to be funnier.
122,949,0.56,2.47,B,A,False,<answer>A</answer>
1326,7472,2.6,1.1,A,A,True,<answer>A</answer>
4627,895,2.4,1.4,A,B,False,<answer>B</answer>
2115,5817,0.7,2.84,B,B,True,<answer>B</answer>
7022,4014,2.63,1.4,A,A,True,<answer>A</answer>
7345,1431,1.21,2.25,B,B,True,<answer>B</answer>
6457,3334,2.6,1.11,A,A,True,<answer>A</answer>
5861,7321,2.32,0.3,A,B,False,<answer>B</answer>
4091,4845,1.85,2.85,B,A,False,<answer>A</answer>
7434,5398,2.85,1.75,A,B,False,<answer>B</answer>
2384,4394,1.53,2.6,B,B,True,<answer>B</answer>
3468,1547,2.95,4.0,B,B,True,<answer>B</answer>
503,3529,1.68,2.7,B,B,True,<answer>B</answer>
7658,5126,2.42,3.6,B,B,True,<answer>B</answer>
6775,6271,1.55,3.05,B,A,False,<answer>A</answer>
951,6291,3.06,2.0,A,B,False,<answer>B</answer>
1977,78,1.58,2.8,B,B,True,<answer>B</answer>
5660,1427,2.0,3.0,B,B,True,<answer>B</answer>
5529,6176,1.16,2.3,B,A,False,<answer>A</answer>
7755,262,3.35,1.88,A,B,False,<answer>B</answer>
5171,381,2.63,1.6,A,B,False,<answer>B</answer>
6121,1823,3.0,1.68,A,B,False,<answer>B</answer>
894,531,3.25,2.2,A,B,False,<answer>B</answer>
1144,3262,3.05,1.95,A,B,False,<answer>B</answer>
5988,3244,3.25,1.95,A,B,False,<answer>B</answer>
6447,2418,3.25,1.28,A,B,False,<answer>B</answer>
7380,3674,3.6,2.05,A,B,False,<answer>B</answer>
1131,2536,1.0,2.11,B,A,False,<answer>A</answer>
3676,7820,3.55,2.44,A,B,False,<answer>B</answer>
7098,178,2.8,1.79,A,B,False,<answer>B</answer>
6333,6219,2.6,1.43,A,B,False,<answer>B</answer>
855,1531,1.95,2.95,B,B,True,<answer>B</answer>
1997,7468,1.25,2.67,B,B,True,<answer>B</answer>
3300,1126,1.29,2.44,B,B,True,<answer>B</answer>
1072,3512,1.37,2.6,B,B,True,<answer>B</answer>
2100,997,1.65,3.05,B,B,True,<answer>B</answer>
7882,5986,3.05,1.95,A,B,False,<answer>B</answer>
3818,3752,1.2,2.71,B,A,False,<answer>A</answer>
5811,6530,2.06,1.0,A,B,False,<answer>B</answer>
7772,2412,2.32,1.24,A,A,True,<answer>A</answer>
4607,6227,3.47,1.8,A,B,False,<answer>B</answer>
4364,2159,1.65,3.05,B,B,True,<answer>B</answer>
7305,175,2.17,3.25,B,A,False,<answer>A</answer>
6725,3553,2.65,1.21,A,A,True,<answer>A</answer>
5023,7213,2.89,1.6,A,B,False,<answer>B</answer>
4262,2507,3.1,1.95,A,B,False,<answer>B</answer>
7832,6648,3.6,2.47,A,B,False,<answer>B</answer>
381,3976,1.6,2.74,B,A,False,<answer>A</answer>
122,6166,0.56,2.05,B,A,False,<answer>A</answer>
2117,7253,0.64,3.2,B,A,False,<answer>A</answer>
3323,6060,3.26,2.25,A,B,False,<answer>B</answer>
7589,4766,2.0,3.0,B,A,False,<answer>A</answer>
110,7506,2.74,1.63,A,A,True,<answer>A</answer>
2524,3330,2.45,1.3,A,B,False,<answer>B</answer>
1838,1296,3.4,1.55,A,B,False,<answer>B</answer>
7688,4846,3.33,1.85,A,A,True,<answer>A</answer>
3910,1197,2.53,1.32,A,A,True,<answer>A</answer>
7056,6640,3.05,0.68,A,A,True,<answer>A</answer>
4857,1201,1.19,3.05,B,B,True,<answer>B</answer>
177,3510,3.0,1.85,A,A,True,<answer>A</answer>
6033,4901,2.1,3.1,B,B,True,<answer>B</answer>
3111,1446,1.83,0.33,A,B,False,<answer>B</answer>
1566,5422,2.65,1.6,A,B,False,<answer>B</answer>
1297,3122,3.15,1.67,A,B,False,<answer>B</answer>
7781,2740,2.89,1.29,A,B,False,<answer>B</answer>
7917,1977,2.9,1.58,A,B,False,<answer>B</answer>
1941,1742,2.9,1.6,A,B,False,<answer>B</answer>
6975,5614,3.0,1.75,A,A,True,<answer>A</answer>
408,792,0.27,1.84,B,B,True,<answer>B</answer>
5889,970,1.1,2.9,B,B,True,<answer>B</answer>
3386,4147,2.85,1.3,A,A,True,<answer>A</answer>
4662,1375,1.3,3.21,B,B,True,<answer>B</answer>
2810,2071,1.28,3.15,B,A,False,<answer>A</answer>
3631,4100,3.15,1.63,A,B,False,<answer>B</answer>
2412,1921,1.24,2.7,B,B,True,<answer>B</answer>
404,1904,3.35,1.89,A,B,False,<answer>B</answer>
4920,2112,2.1,3.2,B,A,False,<answer>A</answer>
6799,2847,2.4,1.12,A,B,False,<answer>B</answer>
2699,103,2.3,0.27,A,B,False,<answer>B</answer>
1735,5058,2.2,0.59,A,A,True,<answer>A</answer>
3833,5562,2.3,3.4,B,A,False,<answer>A</answer>
7813,5313,3.42,2.05,A,A,True,<answer>A</answer>
2946,4493,2.9,1.73,A,A,True,<answer>A</answer>
1004,2048,1.92,2.95,B,B,True,<answer>B</answer>
6533,6153,3.28,2.25,A,B,False,<answer>B</answer>
6719,4665,3.4,2.05,A,A,True,<answer>A</answer>
746,495,2.74,1.69,A,B,False,<answer>B</answer>
1201,7884,3.05,2.05,A,A,True,<answer>A</answer>
6635,6298,1.89,3.11,B,A,False,<answer>A</answer>
5986,805,1.95,3.1,B,B,True,<answer>B</answer>
2303,6676,1.58,3.05,B,B,True,<answer>B</answer>
2009,3345,2.65,1.6,A,B,False,<answer>B</answer>
5015,4349,0.58,1.71,B,A,False,<answer>A</answer>
6736,5643,2.2,0.7,A,B,False,<answer>B</answer>
2827,2394,1.13,2.3,B,A,False,<answer>A</answer>
1852,3015,1.65,2.88,B,A,False,<answer>A</answer>
2404,2217,2.75,1.5,A,B,False,<answer>B</answer>
4841,3149,2.6,1.45,A,B,False,<answer>B</answer>
3172,4105,1.35,3.4,B,A,False,<answer>A</answer>
6993,6656,2.05,3.21,B,A,False,<answer>A</answer>
3323,1864,3.26,2.0,A,B,False,<answer>B</answer>
6362,4938,2.9,1.65,A,B,False,<answer>B</answer>
1363,6840,1.72,3.6,B,B,True,<answer>B</answer>
3782,1106,3.32,1.33,A,B,False,<answer>B</answer>
6811,1976,0.84,2.0,B,A,False,<answer>A</answer>
4988,1076,3.0,1.9,A,B,False,<answer>B</answer>
1960,4438,1.47,2.5,B,A,False,I find <answer>A</answer> funnier. The idea of a headline becoming so white that it glares and prevents reading is a humorous play on words.
5957,75,3.25,1.36,A,A,True,<answer>A</answer>
3160,620,2.45,1.42,A,A,True,<answer>A</answer>
1478,6612,1.53,3.1,B,A,False,<answer>A</answer>
580,4674,2.95,1.6,A,B,False,<answer>B</answer>
6332,2425,3.25,1.75,A,B,False,<answer>B</answer>
2657,573,3.15,1.45,A,A,True,<answer>A</answer>
550,4184,3.5,1.2,A,A,True,<answer>A</answer>
6273,7204,3.05,1.94,A,B,False,<answer>B</answer>
1045,5654,2.05,3.65,B,A,False,<answer>A</answer>
1061,1363,3.3,1.72,A,B,False,<answer>B</answer>
408,1915,0.27,2.1,B,B,True,<answer>B</answer>
3703,3318,1.67,3.05,B,A,False,<answer>A</answer>
1582,3475,3.0,1.75,A,A,True,<answer>A</answer>
1650,2637,1.05,2.4,B,B,True,<answer>B</answer>
7321,1741,0.3,1.95,B,A,False,<answer>A</answer>
859,1140,2.93,1.82,A,B,False,<answer>B</answer>
974,7630,3.85,2.35,A,A,True,<answer>A</answer>
980,4204,2.8,1.36,A,A,True,<answer>A</answer>
4562,6860,0.7,2.75,B,A,False,<answer>A</answer>
1734,2419,2.65,1.65,A,A,True,<answer>A</answer>
2172,4276,3.06,1.82,A,B,False,<answer>B</answer>
3651,1682,1.7,3.21,B,A,False,<answer>A</answer>
7090,1245,1.45,2.68,B,A,False,<answer>A</answer>
1072,375,1.37,2.89,B,A,False,<answer>A</answer>
6019,956,1.47,0.1,A,B,False,<answer>B</answer>
5836,2117,2.12,0.64,A,A,True,<answer>A</answer>
3558,1647,2.44,1.42,A,B,False,<answer>B</answer>
4338,7668,2.68,1.65,A,A,True,<answer>A</answer>
6577,4093,2.85,1.75,A,A,True,<answer>A</answer>
1797,3510,2.95,1.85,A,A,True,<answer>A</answer>
6669,5138,1.32,2.68,B,B,True,<answer>B</answer>
7295,3715,3.15,2.05,A,A,True,<answer>A</answer>
6745,5327,1.79,3.35,B,B,True,<answer>B</answer>
6061,1995,3.11,1.94,A,A,True,<answer>A</answer>
4222,4343,2.83,0.53,A,B,False,<answer>B</answer>
4452,6717,3.11,1.87,A,B,False,<answer>B</answer>
6361,7750,1.38,2.61,B,A,False,<answer>A</answer>
5058,1979,0.59,2.68,B,B,True,<answer>B</answer>
1467,7599,3.0,1.85,A,A,True,<answer>A</answer>
5454,6640,2.2,0.68,A,B,False,<answer>B</answer>
5016,6969,1.84,3.11,B,A,False,<answer>A</answer>
7087,4531,2.95,1.9,A,B,False,<answer>B</answer>
3950,3826,3.05,1.2,A,B,False,<answer>B</answer>
678,3098,3.21,2.0,A,A,True,<answer>A</answer>
3807,2630,3.05,1.94,A,B,False,<answer>B</answer>
7109,492,3.1,0.94,A,A,True,<answer>A</answer>
6532,1802,1.26,3.15,B,B,True,<answer>B</answer>
4460,3909,2.69,0.87,A,A,True,<answer>A</answer>
4343,6835,0.53,1.68,B,A,False,<answer>A</answer>
3459,96,1.65,2.8,B,A,False,<answer>A</answer>
4362,4006,1.68,3.1,B,B,True,<answer>B</answer>
2143,4072,2.21,3.35,B,B,True,<answer>B</answer>
6652,4130,2.0,3.05,B,A,False,<answer>A</answer>
3909,4886,0.87,2.5,B,B,True,<answer>B</answer>
5529,7288,1.16,2.55,B,A,False,<answer>A</answer>
6899,4344,0.5,2.3,B,B,True,<answer>B</answer>
7424,6131,3.05,1.42,A,A,True,<answer>A</answer>
42,2892,1.76,3.53,B,A,False,<answer>A</answer>
4562,834,0.7,1.87,B,B,True,<answer>B</answer>
5430,3804,0.5,2.95,B,B,True,<answer>B</answer>
5605,1821,1.8,2.9,B,B,True,<answer>B</answer>
5094,5957,2.05,3.25,B,B,True,<answer>B</answer>
7162,1063,3.4,2.4,A,B,False,<answer>B</answer>
1593,4604,1.9,3.16,B,A,False,<answer>A</answer>
7226,6137,1.7,3.0,B,A,False,<answer>A</answer>
3054,5045,3.16,0.82,A,B,False,<answer>B</answer>
2075,4584,1.83,3.0,B,B,True,<answer>B</answer>
880,1337,1.58,2.58,B,A,False,<answer>A</answer>
5926,7940,1.1,2.1,B,B,True,<answer>B</answer>
7168,2882,3.06,1.95,A,B,False,<answer>B</answer>
4225,7666,2.35,1.0,A,B,False,<answer>B</answer>
2936,6913,0.65,2.32,B,B,True,<answer>B</answer>
7151,2442,3.53,2.15,A,A,True,<answer>A</answer>
3386,3227,2.85,1.56,A,A,True,<answer>A</answer>
2528,7117,1.45,3.22,B,A,False,<answer>A</answer>
6181,7091,2.1,3.1,B,A,False,<answer>A</answer>
3471,4092,1.21,2.21,B,B,True,<answer>B</answer>
4150,4931,1.46,2.68,B,B,True,<answer>B</answer>
204,1958,1.56,2.9,B,A,False,<answer>A</answer>
7755,7684,3.35,1.58,A,A,True,<answer>A</answer>
7253,1881,3.2,1.95,A,B,False,<answer>B</answer>
983,626,1.56,2.94,B,B,True,<answer>B</answer>
5484,1852,2.9,1.65,A,A,True,<answer>A</answer>
6696,2905,0.1,2.0,B,B,True,<answer>B</answer>
789,6392,1.5,3.11,B,A,False,<answer>A</answer>
7321,7072,0.3,2.53,B,B,True,<answer>B</answer>
3607,6297,1.06,2.15,B,A,False,<answer>A</answer>
429,2384,2.75,1.53,A,B,False,<answer>B</answer>
7789,2740,2.44,1.29,A,B,False,<answer>B</answer>
1024,5282,1.87,3.25,B,B,True,<answer>B</answer>
4387,7177,3.0,1.75,A,B,False,<answer>B</answer>
1881,1039,1.95,3.21,B,B,True,<answer>B</answer>
3039,4719,3.0,2.0,A,B,False,<answer>B</answer>
5738,4996,1.94,3.05,B,B,True,<answer>B</answer>
1241,7930,3.07,0.94,A,B,False,<answer>B</answer>
3861,159,3.0,1.28,A,B,False,<answer>B</answer>
3569,3996,2.11,3.17,B,A,False,<answer>A</answer>
2592,7882,1.22,3.05,B,B,True,<answer>B</answer>
4042,1821,1.1,2.9,B,B,True,<answer>B</answer>
5250,4394,1.0,2.6,B,B,True,<answer>B</answer>
5821,3855,3.45,2.16,A,B,False,<answer>B</answer>
7137,7882,1.95,3.05,B,A,False,<answer>A</answer>
2226,578,2.6,1.5,A,B,False,<answer>B</answer>
5200,6138,1.9,0.6,A,A,True,<answer>A</answer>
3913,1390,2.75,1.74,A,A,True,<answer>A</answer>
1135,1556,3.33,2.24,A,B,False,<answer>B</answer>
1300,5817,1.59,2.84,B,B,True,<answer>B</answer>
3982,879,1.74,3.25,B,B,True,<answer>B</answer>
2202,3245,3.5,2.0,A,B,False,<answer>B</answer>
5249,5741,3.3,1.5,A,B,False,<answer>B</answer>
5710,7864,2.37,1.3,A,A,True,<answer>A</answer>
4322,4857,2.79,1.19,A,A,True,<answer>A</answer>
4607,4665,3.47,2.05,A,A,True,<answer>A</answer>
2303,3947,1.58,3.05,B,B,True,<answer>B</answer>
7832,1123,3.6,0.95,A,B,False,<answer>B</answer>
4054,3161,1.9,3.0,B,B,True,<answer>B</answer>
7921,5570,1.73,3.0,B,A,False,<answer>A</answer>
7145,2313,3.11,1.95,A,A,True,<answer>A</answer>
4174,5990,3.25,2.15,A,B,False,<answer>B</answer>
1833,6410,1.53,2.65,B,A,False,<answer>A</answer>
6544,6691,3.4,1.89,A,B,False,<answer>B</answer>
7500,405,2.79,1.45,A,B,False,<answer>B</answer>
3657,427,0.68,1.69,B,A,False,<answer>A</answer>
6770,1522,2.63,1.62,A,A,True,<answer>A</answer>
7250,2902,3.68,2.68,A,A,True,<answer>A</answer>
421,3950,1.0,3.05,B,A,False,<answer>A</answer>
1151,4617,2.95,1.89,A,B,False,<answer>B</answer>
7601,3831,2.35,1.29,A,B,False,<answer>B</answer>
1269,6827,2.65,1.5,A,A,True,<answer>A</answer>
7666,3572,1.0,2.0,B,B,True,<answer>B</answer>
2117,1671,0.64,1.95,B,A,False,<answer>A</answer>
3644,1244,1.37,2.75,B,A,False,<answer>A</answer>
669,5260,1.84,3.0,B,A,False,<answer>A</answer>
122,5910,0.56,2.63,B,B,True,<answer>B</answer>
4549,1617,2.95,1.67,A,A,True,I find <answer>A</answer> to be funnier.
5842,2200,3.32,1.55,A,B,False,<answer>B</answer>
2815,2021,3.05,1.56,A,B,False,<answer>B</answer>
1331,1145,1.67,3.2,B,B,True,<answer>B</answer>
1657,7820,1.11,2.44,B,B,True,<answer>B</answer>
5134,6544,1.75,3.4,B,A,False,<answer>A</answer>
926,7007,2.9,1.8,A,B,False,<answer>B</answer>
7250,2305,3.68,2.05,A,A,True,<answer>A</answer>
956,211,0.1,2.75,B,B,True,<answer>B</answer>
789,5278,1.5,2.8,B,A,False,<answer>A</answer>
755,3161,1.45,3.0,B,A,False,<answer>A</answer>
718,6018,3.55,1.79,A,B,False,<answer>B</answer>
161,1846,1.69,2.74,B,B,True,<answer>B</answer>
2198,6569,2.25,1.0,A,A,True,<answer>A</answer>
4951,1705,1.53,3.0,B,A,False,<answer>A</answer>
3572,1585,2.0,3.6,B,A,False,<answer>A</answer>
6566,1026,2.44,1.35,A,B,False,<answer>B</answer>
1547,3042,4.0,2.05,A,A,True,<answer>A</answer>
3300,4262,1.29,3.1,B,B,True,<answer>B</answer>
2011,3259,2.25,3.3,B,A,False,<answer>A</answer>
315,5449,2.75,1.55,A,A,True,<answer>A</answer>
4586,124,2.25,3.25,B,B,True,<answer>B</answer>
2711,7039,1.9,2.95,B,B,True,<answer>B</answer>
574,3078,2.63,1.55,A,B,False,<answer>B</answer>
7704,1124,0.72,2.25,B,B,True,<answer>B</answer>
5235,1790,1.7,2.75,B,B,True,<answer>B</answer>
6007,4217,1.56,2.79,B,B,True,<answer>B</answer>
2673,991,1.55,0.27,A,A,True,<answer>A</answer>
5976,2202,1.4,3.5,B,A,False,<answer>A</answer>
1607,3517,1.8,2.85,B,A,False,<answer>A</answer>
1751,2618,1.5,2.63,B,B,True,<answer>B</answer>
4957,1107,3.47,1.22,A,A,True,<answer>A</answer>
652,2252,2.58,1.55,A,B,False,<answer>B</answer>
5241,5753,2.6,1.06,A,B,False,<answer>B</answer>
2487,2832,1.6,2.93,B,A,False,<answer>A</answer>
454,3269,2.85,1.81,A,A,True,<answer>A</answer>
347,2391,2.65,1.6,A,B,False,<answer>B</answer>
4739,7755,0.83,3.35,B,B,True,<answer>B</answer>
2348,3140,2.5,1.5,A,A,True,<answer>A</answer>
7855,4765,3.32,1.85,A,B,False,<answer>B</answer>
4662,7526,1.3,3.16,B,B,True,<answer>B</answer>
7472,2504,1.1,2.5,B,A,False,<answer>A</answer>
2343,4100,2.8,1.63,A,A,True,<answer>A</answer>
7994,3096,3.7,1.37,A,A,True,<answer>A</answer>
8,4387,1.79,3.0,B,B,True,<answer>B</answer>
5036,4072,1.58,3.35,B,A,False,<answer>A</answer>
2422,4219,0.8,2.65,B,B,True,<answer>B</answer>
5927,4446,2.7,1.7,A,B,False,<answer>B</answer>
2771,3318,2.0,3.05,B,B,True,<answer>B</answer>
5040,6524,1.79,2.89,B,A,False,<answer>A</answer>
4996,2278,3.05,1.92,A,A,True,<answer>A</answer>
696,2108,1.85,3.15,B,B,True,<answer>B</answer>
1157,3903,3.28,2.17,A,B,False,<answer>B</answer>
2287,3861,1.95,3.0,B,A,False,<answer>A</answer>
1551,6274,1.9,3.4,B,A,False,<answer>A</answer>
2459,5153,3.05,1.8,A,B,False,<answer>B</answer>
7485,3571,1.18,2.32,B,A,False,<answer>A</answer>
1291,1133,1.95,3.15,B,B,True,<answer>B</answer>
7352,796,3.5,2.25,A,B,False,<answer>B</answer>
1976,7585,2.0,3.05,B,B,True,<answer>B</answer>
5969,2307,2.65,1.45,A,B,False,<answer>B</answer>
1697,2554,2.79,1.38,A,B,False,<answer>B</answer>
2662,1983,2.63,1.42,A,A,True,<answer>A</answer>
3425,4233,1.13,2.65,B,B,True,<answer>B</answer>
159,7796,1.28,2.7,B,B,True,<answer>B</answer>
2001,5512,1.25,3.15,B,A,False,<answer>A</answer>
7799,7738,0.67,2.05,B,B,True,<answer>B</answer>
5464,4551,1.55,2.75,B,B,True,<answer>B</answer>
4250,3585,2.7,1.08,A,A,True,<answer>A</answer>
5859,2795,0.69,3.0,B,A,False,<answer>A</answer>
735,6835,2.68,1.68,A,A,True,<answer>A</answer>
858,4132,1.5,2.55,B,B,True,<answer>B</answer>
4898,6155,1.75,3.0,B,B,True,<answer>B</answer>
4635,7315,1.53,3.33,B,A,False,<answer>A</answer>
3577,5440,1.58,2.95,B,B,True,<answer>B</answer>
3662,4059,1.35,2.6,B,A,False,<answer>A</answer>
4009,6903,2.37,3.6,B,B,True,<answer>B</answer>
7763,5269,3.3,2.2,A,B,False,<answer>B</answer>
6780,4980,1.7,2.71,B,B,True,<answer>B</answer>
3750,7882,1.9,3.05,B,B,True,<answer>B</answer>
2520,4544,2.65,1.35,A,A,True,<answer>A</answer>
7426,2433,1.46,3.25,B,B,True,<answer>B</answer>
1182,4445,2.2,3.3,B,A,False,<answer>A</answer>
6619,2578,2.25,3.53,B,A,False,<answer>A</answer>
5496,3963,3.25,2.0,A,B,False,<answer>B</answer>
1921,6070,2.7,1.65,A,A,True,<answer>A</answer>
6447,4400,3.25,1.95,A,B,False,<answer>B</answer>
2356,4159,3.0,1.68,A,B,False,<answer>B</answer>
2261,7654,2.3,1.0,A,A,True,<answer>A</answer>
7094,497,3.15,1.87,A,A,True,<answer>A</answer>
4967,178,3.0,1.79,A,B,False,<answer>B</answer>
232,56,1.5,2.89,B,A,False,<answer>A</answer>
4066,7810,3.8,2.65,A,A,True,<answer>A</answer>
6899,7921,0.5,1.73,B,B,True,<answer>B</answer>
1796,5758,0.69,2.11,B,B,True,<answer>B</answer>
3397,7104,1.67,2.83,B,A,False,<answer>A</answer>
122,2715,0.56,2.55,B,A,False,<answer>A</answer>
6899,1339,0.5,2.2,B,A,False,<answer>A</answer>
3750,1582,1.9,3.0,B,B,True,<answer>B</answer>
7271,6569,2.05,1.0,A,B,False,<answer>B</answer>
37,3118,2.53,1.05,A,A,True,<answer>A</answer>
1179,1472,1.17,2.45,B,B,True,<answer>B</answer>
997,1342,3.05,1.07,A,A,True,<answer>A</answer>
597,1263,1.85,2.85,B,B,True,<answer>B</answer>
1751,380,1.5,2.85,B,B,True,<answer>B</answer>
6451,1517,1.14,3.21,B,A,False,<answer>A</answer>
4170,159,2.4,1.28,A,B,False,<answer>B</answer>
4473,6881,2.3,1.2,A,A,True,<answer>A</answer>
6218,6559,1.79,2.95,B,A,False,<answer>A</answer>
6503,996,1.6,2.85,B,A,False,<answer>A</answer>
472,7401,2.1,0.89,A,B,False,<answer>B</answer>
1531,6006,2.95,1.41,A,A,True,<answer>A</answer>
30,2947,1.21,2.79,B,B,True,<answer>B</answer>
6514,2200,2.9,1.55,A,A,True,<answer>A</answer>
7811,1658,2.0,3.2,B,A,False,<answer>A</answer>
6669,7817,1.32,2.8,B,B,True,<answer>B</answer>
7049,626,1.84,2.94,B,B,True,<answer>B</answer>
7980,4262,2.05,3.1,B,B,True,<answer>B</answer>
2648,2884,2.3,1.19,A,A,True,<answer>A</answer>
6361,7740,1.38,2.47,B,A,False,<answer>A</answer>
7095,5558,3.75,2.6,A,B,False,<answer>B</answer>
5064,338,1.9,3.0,B,B,True,<answer>B</answer>
421,7185,1.0,3.17,B,B,True,<answer>B</answer>
1601,6815,3.0,1.65,A,B,False,<answer>B</answer>
1744,2160,2.85,1.5,A,B,False,<answer>B</answer>
4758,956,1.26,0.1,A,B,False,<answer>B</answer>
6969,4214,3.11,1.25,A,A,True,<answer>A</answer>
3406,7173,0.82,2.39,B,B,True,<answer>B</answer>
4988,6826,3.0,1.85,A,B,False,<answer>B</answer>
2553,4240,2.06,3.1,B,A,False,<answer>A</answer>
4387,6090,3.0,1.95,A,B,False,<answer>B</answer>
5751,5373,2.7,1.38,A,B,False,<answer>B</answer>
6656,4752,3.21,1.74,A,B,False,<answer>B</answer>
7090,2096,1.45,2.47,B,B,True,<answer>B</answer>
1933,3909,2.25,0.87,A,A,True,<answer>A</answer>
2160,1910,1.5,2.74,B,A,False,<answer>A</answer>
4378,6442,2.07,3.1,B,B,True,<answer>B</answer>
1326,3118,2.6,1.05,A,A,True,<answer>A</answer>
6425,4214,2.39,1.25,A,A,True,<answer>A</answer>
2037,7502,3.06,1.6,A,A,True,<answer>A</answer>
5787,2944,3.08,1.56,A,B,False,<answer>B</answer>
4059,4764,2.6,1.28,A,B,False,<answer>B</answer>
1455,2344,1.27,3.0,B,B,True,<answer>B</answer>
408,7724,0.27,2.06,B,B,True,<answer>B</answer>
3456,7214,1.0,2.9,B,B,True,<answer>B</answer>
1796,6159,0.69,2.37,B,B,True,<answer>B</answer>
5266,1204,1.57,2.75,B,B,True,<answer>B</answer>
5923,1884,1.9,3.0,B,B,True,<answer>B</answer>
535,4765,3.05,1.85,A,A,True,<answer>A</answer>
7680,7223,2.26,3.26,B,A,False,<answer>A</answer>
4852,7797,1.5,3.35,B,B,True,<answer>B</answer>
6849,1033,3.05,2.0,A,A,True,<answer>A</answer>
3057,1026,2.45,1.35,A,A,True,<answer>A</answer>
2112,4810,3.2,1.87,A,B,False,<answer>B</answer>
5464,2165,1.55,3.3,B,A,False,<answer>A</answer>
3429,2392,3.15,0.83,A,A,True,<answer>A</answer>
1133,3764,3.15,1.5,A,B,False,<answer>B</answer>
6770,2418,2.63,1.28,A,A,True,<answer>A</answer>
3055,895,2.5,1.4,A,A,True,<answer>A</answer>
1452,1770,2.55,3.79,B,A,False,<answer>A</answer>
5597,2001,3.55,1.25,A,A,True,<answer>A</answer>
7162,18,3.4,1.78,A,A,True,<answer>A</answer>
1796,5663,0.69,2.35,B,B,True,<answer>B</answer>
3759,7944,2.3,3.3,B,B,True,<answer>B</answer>
3423,5425,2.11,3.2,B,B,True,<answer>B</answer>
1427,4810,3.0,1.87,A,A,True,<answer>A</answer>
7123,3469,1.42,3.53,B,A,False,<answer>A</answer>
7363,7427,3.05,1.65,A,B,False,<answer>B</answer>
4559,5279,3.15,2.1,A,B,False,<answer>B</answer>
1170,5780,0.94,3.05,B,B,True,<answer>B</answer>
1061,497,3.3,1.87,A,B,False,<answer>B</answer>
750,2340,2.89,1.6,A,A,True,<answer>A</answer>
7293,1197,2.8,1.32,A,B,False,<answer>B</answer>
3676,3013,3.55,2.3,A,B,False,<answer>B</answer>
2578,6033,3.53,2.1,A,A,True,<answer>A</answer>
2336,3466,1.79,3.1,B,B,True,<answer>B</answer>
3423,7151,2.11,3.53,B,B,True,<answer>B</answer>
7630,3326,2.35,1.0,A,B,False,<answer>B</answer>
3425,1558,1.13,2.2,B,B,True,<answer>B</answer>
4185,5484,0.89,2.9,B,B,True,<answer>B</answer>
3807,3300,3.05,1.29,A,B,False,<answer>B</answer>
4166,6308,2.32,1.22,A,B,False,<answer>B</answer>
1607,1039,1.8,3.21,B,B,True,<answer>B</answer>
6518,93,1.26,2.55,B,B,True,<answer>B</answer>
5640,6327,1.12,2.22,B,B,True,<answer>B</answer>
6104,4184,2.5,1.2,A,A,True,<answer>A</answer>
3146,3486,3.0,1.85,A,B,False,<answer>B</answer>
4957,5588,3.47,1.67,A,A,True,<answer>A</answer>
5988,2391,3.25,1.6,A,B,False,<answer>B</answer>
7372,3132,3.19,1.95,A,B,False,<answer>B</answer>
6433,4185,2.79,0.89,A,A,True,<answer>A</answer>
7528,7462,2.85,1.85,A,A,True,<answer>A</answer>
2193,1315,1.33,2.95,B,B,True,<answer>B</answer>
3379,6308,2.7,1.22,A,B,False,<answer>B</answer>
1285,5980,1.74,2.89,B,A,False,<answer>A</answer>
265,4558,2.45,1.42,A,B,False,<answer>B</answer>
4658,2626,3.1,1.58,A,A,True,<answer>A</answer>
4708,3778,3.55,2.55,A,B,False,<answer>B</answer>
6767,6445,2.55,1.24,A,A,True,<answer>A</answer>
1039,5933,3.21,1.55,A,A,True,<answer>A</answer>
5983,6906,2.37,1.0,A,A,True,<answer>A</answer>
1679,3121,1.62,2.8,B,A,False,<answer>A</answer>
2787,1061,1.75,3.3,B,A,False,<answer>A</answer>
834,6271,1.87,3.05,B,A,False,<answer>A</answer>
1383,3481,1.79,2.9,B,B,True,<answer>B</answer>
3771,3288,1.56,2.78,B,B,True,<answer>B</answer>
4731,4314,2.2,0.4,A,A,True,<answer>A</answer>
7162,2360,3.4,1.63,A,A,True,<answer>A</answer>
7094,4106,3.15,1.95,A,A,True,<answer>A</answer>
1187,3023,0.47,2.25,B,B,True,<answer>B</answer>
5482,4857,3.0,1.19,A,A,True,<answer>A</answer>
7109,114,3.1,1.59,A,B,False,<answer>B</answer>
5722,3881,3.3,2.05,A,B,False,<answer>B</answer>
5239,5804,3.37,1.9,A,B,False,<answer>B</answer>
5036,5179,1.58,2.89,B,A,False,<answer>A</answer>
1047,5628,2.95,1.85,A,A,True,<answer>A</answer>
3618,6849,1.65,3.05,B,A,False,<answer>A</answer>
5492,2502,2.9,1.63,A,B,False,<answer>B</answer>
6507,3620,2.95,1.84,A,A,True,<answer>A</answer>
111,5821,1.0,3.45,B,A,False,<answer>A</answer>
3323,5077,3.26,1.1,A,A,True,<answer>A</answer>
2628,6112,2.21,1.17,A,B,False,<answer>B</answer>
5173,4143,1.55,2.71,B,A,False,<answer>A</answer>
6906,7293,1.0,2.8,B,A,False,<answer>A</answer>
2623,4788,1.93,3.21,B,B,True,<answer>B</answer>
2074,7920,1.38,2.47,B,B,True,<answer>B</answer>
3306,1187,2.1,0.47,A,B,False,<answer>B</answer>
7418,4596,2.89,1.89,A,B,False,<answer>B</answer>
6476,7201,2.06,3.2,B,B,True,<answer>B</answer>
7188,3493,1.47,2.75,B,A,False,<answer>A</answer>
829,7160,3.1,0.56,A,B,False,<answer>B</answer>
7317,6578,2.05,3.25,B,B,True,<answer>B</answer>
1061,6500,3.3,1.65,A,B,False,<answer>B</answer>
537,915,0.74,3.05,B,B,True,<answer>B</answer>
1035,2859,2.79,0.6,A,A,True,<answer>A</answer>
6678,4464,1.3,2.37,B,B,True,<answer>B</answer>
7970,7095,2.3,3.75,B,A,False,<answer>A</answer>
2825,7241,3.1,1.79,A,B,False,<answer>B</answer>
6862,205,2.45,1.17,A,B,False,<answer>B</answer>
2948,3983,3.15,1.4,A,B,False,<answer>B</answer>
3669,7352,1.85,3.5,B,B,True,<answer>B</answer>
6108,497,3.35,1.87,A,A,True,<answer>A</answer>
7572,1223,1.12,2.6,B,B,True,<answer>B</answer>
6383,4306,2.89,1.8,A,B,False,<answer>B</answer>
7654,1270,1.0,2.0,B,A,False,<answer>A</answer>
1039,733,3.21,2.14,A,B,False,<answer>B</answer>
4427,4607,1.94,3.47,B,B,True,<answer>B</answer>
1617,3018,1.67,2.85,B,B,True,<answer>B</answer>
4331,6649,2.6,1.5,A,B,False,<answer>B</answer>
7906,7638,2.79,1.5,A,A,True,<answer>A</answer>
3481,5295,2.9,1.3,A,A,True,<answer>A</answer>
6640,5768,0.68,2.1,B,A,False,<answer>A</answer>
1187,1506,0.47,2.8,B,B,True,<answer>B</answer>
4248,4562,2.0,0.7,A,A,True,<answer>A</answer>
1133,1503,3.15,1.53,A,A,True,<answer>A</answer>
3229,1978,1.95,3.2,B,B,True,<answer>B</answer>
175,3811,3.25,1.85,A,A,True,<answer>A</answer>
4051,1481,3.35,2.2,A,B,False,<answer>B</answer>
6389,1894,2.5,1.38,A,B,False,<answer>B</answer>
241,5015,2.44,0.58,A,B,False,<answer>B</answer>
1439,4786,2.85,1.69,A,B,False,<answer>B</answer>
6622,6074,2.84,0.84,A,B,False,<answer>B</answer>
3033,6903,2.16,3.6,B,A,False,<answer>A</answer>
2047,7604,1.21,2.55,B,B,True,<answer>B</answer>
7186,2668,1.67,2.95,B,A,False,<answer>A</answer>
4207,2117,2.2,0.64,A,B,False,<answer>B</answer>
2449,4209,2.05,3.3,B,A,False,<answer>A</answer>
2501,2028,2.5,1.5,A,B,False,<answer>B</answer>
2458,348,1.85,3.1,B,A,False,<answer>A</answer>
3091,3071,1.61,2.65,B,B,True,<answer>B</answer>
4771,1057,1.7,3.0,B,B,True,<answer>B</answer>
6649,6210,1.5,2.85,B,B,True,<answer>B</answer>
421,3013,1.0,2.3,B,A,False,<answer>A</answer>
2703,2675,1.55,2.85,B,B,True,<answer>B</answer>
5376,549,3.2,1.37,A,B,False,<answer>B</answer>
7151,6875,3.53,1.87,A,A,True,<answer>A</answer>
1909,6853,1.56,2.85,B,B,True,<answer>B</answer>
1522,6622,1.62,2.84,B,B,True,<answer>B</answer>
5221,1820,2.84,1.56,A,A,True,<answer>A</answer>
5112,6781,1.35,2.4,B,B,True,<answer>B</answer>
4088,4105,1.5,3.4,B,B,True,<answer>B</answer>
2675,1761,2.85,0.45,A,A,True,<answer>A</answer>
158,3360,2.55,1.1,A,A,True,<answer>A</answer>
6527,80,1.1,2.85,B,B,True,<answer>B</answer>
1456,631,1.58,2.85,B,B,True,<answer>B</answer>
884,5683,3.15,1.6,A,A,True,<answer>A</answer>
6988,4357,3.2,1.88,A,B,False,<answer>B</answer>
2774,2765,1.6,3.0,B,A,False,<answer>A</answer>
6569,6888,1.0,2.11,B,A,False,<answer>A</answer>
6581,6515,1.74,3.65,B,A,False,<answer>A</answer>
5513,2741,2.55,1.54,A,A,True,<answer>A</answer>
4419,4633,1.63,2.75,B,B,True,<answer>B</answer>
4083,3982,3.15,1.74,A,A,True,<answer>A</answer>
7666,4387,1.0,3.0,B,A,False,<answer>A</answer>
4689,867,2.45,1.18,A,B,False,<answer>B</answer>
408,3724,0.27,1.41,B,B,True,<answer>B</answer>
2222,7578,2.5,3.5,B,B,True,<answer>B</answer>
1308,6845,1.94,2.95,B,B,True,<answer>B</answer>
1152,7889,1.84,2.95,B,A,False,<answer>A</answer>
1537,3636,2.85,1.5,A,B,False,<answer>B</answer>
6820,7432,1.9,3.25,B,A,False,<answer>A</answer>
7199,4642,1.63,2.9,B,B,True,<answer>B</answer>
3607,1898,1.06,2.55,B,A,False,<answer>A</answer>
930,4135,2.95,1.94,A,B,False,<answer>B</answer>
381,1744,1.6,2.85,B,A,False,<answer>A</answer>
1415,650,3.4,1.95,A,B,False,<answer>B</answer>
7918,7869,3.0,1.85,A,B,False,<answer>B</answer>
7090,2618,1.45,2.63,B,B,True,<answer>B</answer>
2973,3084,2.15,3.29,B,A,False,<answer>A</answer>
6445,6016,1.24,2.39,B,B,True,<answer>B</answer>
7627,1714,3.5,2.08,A,A,True,<answer>A</answer>
926,4008,2.9,1.72,A,B,False,I find <answer>B</answer> funnier.
5498,3161,1.82,3.0,B,B,True,<answer>B</answer>
4515,863,1.4,2.7,B,A,False,<answer>A</answer>
5780,7518,3.05,1.92,A,A,True,<answer>A</answer>
5390,904,2.15,3.4,B,A,False,<answer>A</answer>
7704,2,0.72,2.5,B,B,True,<answer>B</answer>
1997,6013,1.25,2.74,B,B,True,<answer>B</answer>
7673,5182,3.15,2.0,A,B,False,<answer>B</answer>
408,3746,0.27,2.05,B,B,True,<answer>B</answer>
7832,5234,3.6,1.65,A,B,False,<answer>B</answer>
1803,1691,2.39,3.4,B,A,False,<answer>A</answer>
1846,5529,2.74,1.16,A,B,False,<answer>B</answer>
7673,101,3.15,2.07,A,A,True,<answer>A</answer>
6640,3142,0.68,2.3,B,B,True,<answer>B</answer>
5614,4681,1.75,3.05,B,B,True,<answer>B</answer>
801,6271,1.81,3.05,B,B,True,<answer>B</answer>
6412,3802,3.07,2.0,A,B,False,<answer>B</answer>
3345,3693,1.6,2.63,B,B,True,<answer>B</answer>
3730,3660,2.9,1.42,A,A,True,<answer>A</answer>
2064,6560,3.2,2.16,A,A,True,<answer>A</answer>
3153,5842,1.58,3.32,B,A,False,<answer>A</answer>
5184,5053,1.35,2.85,B,A,False,<answer>A</answer>
5088,4185,3.21,0.89,A,A,True,<answer>A</answer>
7757,3391,2.5,0.88,A,B,False,<answer>B</answer>
3210,7810,1.6,2.65,B,A,False,<answer>A</answer>
1225,313,1.33,2.35,B,B,True,<answer>B</answer>
1607,1142,1.8,2.9,B,B,True,<answer>B</answer>
6190,1008,0.95,2.28,B,B,True,<answer>B</answer>
3515,3429,2.0,3.15,B,A,False,<answer>A</answer>
6507,2373,2.95,1.9,A,B,False,<answer>B</answer>
3437,5858,1.94,3.05,B,A,False,<answer>A</answer>
956,915,0.1,3.05,B,B,True,<answer>B</answer>
1993,13,2.53,1.5,A,B,False,<answer>B</answer>
2025,4364,2.95,1.65,A,B,False,<answer>B</answer>
7518,7115,1.92,3.05,B,B,True,<answer>B</answer>
6432,1124,1.18,2.25,B,B,True,<answer>B</answer>
2559,338,1.56,3.0,B,A,False,<answer>A</answer>
734,4490,2.7,1.29,A,B,False,<answer>B</answer>
6935,6078,1.7,3.05,B,B,True,<answer>B</answer>
7129,1995,2.95,1.94,A,A,True,<answer>A</answer>
184,2301,2.33,3.4,B,B,True,<answer>B</answer>
1298,4077,3.05,1.44,A,B,False,<answer>B</answer>
4301,5337,1.17,2.71,B,B,True,<answer>B</answer>
2816,593,2.75,1.0,A,A,True,<answer>A</answer>
5521,1894,2.7,1.38,A,B,False,<answer>B</answer>
1784,537,2.28,0.74,A,B,False,<answer>B</answer>
2115,5008,0.7,2.75,B,A,False,<answer>A</answer>
1068,6439,2.75,1.7,A,B,False,<answer>B</answer>
3766,7881,2.89,1.84,A,B,False,<answer>B</answer>
2392,6613,0.83,2.68,B,B,True,<answer>B</answer>
5577,4605,1.42,2.74,B,B,True,<answer>B</answer>
6721,7168,1.65,3.06,B,A,False,<answer>A</answer>
564,705,3.16,2.11,A,B,False,<answer>B</answer>
7145,677,3.11,1.75,A,B,False,<answer>B</answer>
5587,2625,1.47,2.72,B,A,False,<answer>A</answer>
3146,5487,3.0,1.84,A,B,False,<answer>B</answer>
970,6239,2.9,1.55,A,A,True,<answer>A</answer>
3726,781,1.12,2.2,B,B,True,<answer>B</answer>
6083,6170,2.3,0.8,A,B,False,<answer>B</answer>
4549,2920,2.95,0.81,A,B,False,<answer>B</answer>
6466,2871,2.55,1.46,A,A,True,<answer>A</answer>
185,5692,1.84,3.1,B,B,True,<answer>B</answer>
440,6669,2.39,1.32,A,A,True,<answer>A</answer>
159,5401,1.28,3.32,B,B,True,<answer>B</answer>
3918,3171,2.76,1.7,A,B,False,<answer>B</answer>
5383,2460,3.16,1.17,A,A,True,<answer>A</answer>
7638,2739,1.5,3.1,B,B,True,<answer>B</answer>
1651,6984,2.5,1.45,A,B,False,<answer>B</answer>
858,4892,1.5,2.53,B,B,True,<answer>B</answer>
1459,1024,2.95,1.87,A,A,True,<answer>A</answer>
2698,6903,2.3,3.6,B,A,False,<answer>A</answer>
822,290,2.7,1.18,A,B,False,<answer>B</answer>
4326,6428,2.63,1.58,A,B,False,<answer>B</answer>
6074,5912,0.84,2.26,B,A,False,<answer>A</answer>
3152,2165,1.95,3.3,B,B,True,<answer>B</answer>
2454,2711,2.95,1.9,A,A,True,<answer>A</answer>
1983,4551,1.42,2.75,B,A,False,<answer>A</answer>
7169,2183,3.45,1.94,A,A,True,<answer>A</answer>
2092,4239,1.63,3.21,B,B,True,<answer>B</answer>
6719,7247,3.4,1.95,A,B,False,<answer>B</answer>
4736,5921,3.1,1.22,A,B,False,<answer>B</answer>
718,2588,3.55,1.89,A,A,True,<answer>A</answer>
5916,1155,3.3,2.11,A,A,True,<answer>A</answer>
6780,734,1.7,2.7,B,A,False,<answer>A</answer>
4566,3778,1.39,2.55,B,B,True,<answer>B</answer>
1157,2848,3.28,1.68,A,B,False,<answer>B</answer>
5509,1878,2.8,1.68,A,B,False,<answer>B</answer>
4439,6966,1.94,3.0,B,A,False,<answer>A</answer>
7380,6126,3.6,1.8,A,B,False,<answer>B</answer>
4031,6533,2.2,3.28,B,A,False,<answer>A</answer>
2985,6147,1.56,3.3,B,A,False,<answer>A</answer>
2384,6505,1.53,2.95,B,B,True,<answer>B</answer>
7502,5787,1.6,3.08,B,A,False,<answer>A</answer>
7638,223,1.5,2.79,B,B,True,<answer>B</answer>
4232,6113,2.75,1.6,A,A,True,<answer>A</answer>
4721,5592,1.7,3.05,B,B,True,<answer>B</answer>
3859,7037,2.35,1.1,A,B,False,<answer>B</answer>
6815,1022,1.65,2.79,B,B,True,<answer>B</answer>
7951,2237,1.65,2.85,B,A,False,<answer>A</answer>
3735,4966,3.11,1.63,A,A,True,<answer>A</answer>
1361,2188,1.3,2.47,B,B,True,<answer>B</answer>
1530,7310,2.53,1.2,A,B,False,<answer>B</answer>
221,1759,3.15,2.11,A,B,False,<answer>B</answer>
4528,2299,1.74,3.06,B,A,False,<answer>A</answer>
867,4001,1.18,2.71,B,B,True,<answer>B</answer>
2636,7796,1.4,2.7,B,A,False,<answer>A</answer>
3819,7401,2.59,0.89,A,B,False,<answer>B</answer>
6061,7979,3.11,1.83,A,B,False,<answer>B</answer>
2509,904,2.05,3.4,B,A,False,<answer>A</answer>
2382,163,1.76,2.85,B,A,False,<answer>A</answer>
7840,1352,1.65,3.0,B,B,True,<answer>B</answer>
2627,4831,2.9,1.7,A,A,True,<answer>A</answer>
3704,1976,3.25,2.0,A,B,False,<answer>B</answer>
1641,1443,2.9,1.6,A,B,False,<answer>B</answer>
1321,686,1.35,2.4,B,B,True,<answer>B</answer>
2047,4333,1.21,3.0,B,B,True,<answer>B</answer>
4549,7177,2.95,1.75,A,A,True,<answer>A</answer>
6445,1462,1.24,2.8,B,A,False,<answer>A</answer>
6484,7353,2.35,3.6,B,B,True,<answer>B</answer>
6223,7594,2.6,1.6,A,B,False,<answer>B</answer>
5061,4520,2.85,1.75,A,A,True,<answer>A</answer>
1537,4048,2.85,1.63,A,A,True,<answer>A</answer>
7155,263,1.31,2.55,B,B,True,<answer>B</answer>
6112,5630,1.17,2.39,B,A,False,<answer>A</answer>
271,6222,1.0,2.95,B,B,True,<answer>B</answer>
4197,5027,3.25,1.58,A,B,False,<answer>B</answer>
4493,6655,1.73,2.75,B,B,True,<answer>B</answer>
3523,3809,1.84,3.05,B,A,False,<answer>A</answer>
3010,1225,2.56,1.33,A,A,True,<answer>A</answer>
7676,1261,3.0,1.2,A,B,False,I find <answer>B</answer> to be funnier.
5339,5511,1.15,2.89,B,A,False,<answer>A</answer>
7660,2478,0.89,3.05,B,B,True,<answer>B</answer>
2010,3982,2.95,1.74,A,A,True,<answer>A</answer>
6155,4126,3.0,1.63,A,B,False,<answer>B</answer>
3430,3691,1.5,2.6,B,B,True,<answer>B</answer>
2347,552,2.89,1.63,A,B,False,<answer>B</answer>
7994,4166,3.7,2.32,A,A,True,<answer>A</answer>
832,5406,1.85,3.0,B,A,False,<answer>A</answer>
1496,7578,1.35,3.5,B,B,True,<answer>B</answer>
3342,6569,2.6,1.0,A,A,True,<answer>A</answer>
2892,5636,3.53,2.25,A,B,False,<answer>B</answer>
1517,4984,3.21,1.85,A,A,True,<answer>A</answer>
4089,278,2.0,3.05,B,B,True,<answer>B</answer>
3644,1062,1.37,2.9,B,B,True,<answer>B</answer>
6503,6241,1.6,3.2,B,B,True,<answer>B</answer>
4664,869,2.85,1.32,A,A,True,<answer>A</answer>
2115,3318,0.7,3.05,B,B,True,<answer>B</answer>
3045,1178,2.65,1.65,A,B,False,<answer>B</answer>
3542,2528,3.0,1.45,A,B,False,<answer>B</answer>
2847,3757,1.12,2.35,B,A,False,<answer>A</answer>
3301,4915,0.94,2.11,B,A,False,<answer>A</answer>
5274,2804,1.47,2.7,B,B,True,<answer>B</answer>
957,3401,2.6,1.3,A,A,True,<answer>A</answer>
3122,4403,1.67,0.41,A,B,False,<answer>B</answer>
4698,7943,1.75,3.05,B,B,True,<answer>B</answer>
3365,6676,2.05,3.05,B,B,True,<answer>B</answer>
4014,5239,1.4,3.37,B,B,True,<answer>B</answer>
7430,1770,2.5,3.79,B,A,False,<answer>A</answer>
3454,1902,2.33,3.6,B,A,False,<answer>A</answer>
1721,577,2.68,1.4,A,B,False,<answer>B</answer>
690,5839,3.06,1.78,A,A,True,<answer>A</answer>
6191,2194,2.42,3.5,B,B,True,<answer>B</answer>
538,6544,1.94,3.4,B,A,False,<answer>A</answer>
4631,1663,1.45,3.15,B,B,True,<answer>B</answer>
2254,6742,1.35,2.65,B,A,False,<answer>A</answer>
344,3772,1.69,2.95,B,A,False,<answer>A</answer>
4287,1421,1.94,0.71,A,B,False,<answer>B</answer>
7552,4310,2.85,1.61,A,B,False,<answer>B</answer>
1181,5289,1.44,2.6,B,B,True,<answer>B</answer>
5162,5916,2.3,3.3,B,A,False,<answer>A</answer>
7978,7472,2.5,1.1,A,A,True,<answer>A</answer>
6811,535,0.84,3.05,B,A,False,<answer>A</answer>
6320,1047,1.95,2.95,B,B,True,<answer>B</answer>
6811,586,0.84,2.5,B,B,True,<answer>B</answer>
7773,1077,2.7,1.33,A,A,True,<answer>A</answer>
205,1530,1.17,2.53,B,B,True,<answer>B</answer>
1425,3442,2.9,0.75,A,A,True,<answer>A</answer>
80,232,2.85,1.5,A,B,False,<answer>B</answer>
171,2295,1.55,3.15,B,B,True,<answer>B</answer>
1679,1157,1.62,3.28,B,B,True,<answer>B</answer>
2531,1496,2.53,1.35,A,A,True,<answer>A</answer>
6147,3994,3.3,2.29,A,B,False,<answer>B</answer>
288,5625,1.75,3.0,B,B,True,<answer>B</answer>
7916,7357,1.15,3.1,B,A,False,<answer>A</answer>
6445,490,1.24,2.35,B,B,True,<answer>B</answer>
6811,7848,0.84,2.26,B,B,True,<answer>B</answer>
250,5627,1.94,3.32,B,A,False,<answer>A</answer>
7797,4489,3.35,2.0,A,A,True,<answer>A</answer>
2740,3748,1.29,3.2,B,B,True,<answer>B</answer>
4709,608,3.25,2.16,A,B,False,<answer>B</answer>
1478,1415,1.53,3.4,B,A,False,<answer>A</answer>
7465,1354,1.26,2.6,B,A,False,<answer>A</answer>
1585,2713,3.6,2.2,A,B,False,<answer>B</answer>
4522,6276,1.75,2.82,B,A,False,<answer>A</answer>
3541,4959,1.83,3.3,B,A,False,<answer>A</answer>
5520,4792,2.7,1.45,A,A,True,<answer>A</answer>
5437,6086,3.45,1.29,A,A,True,<answer>A</answer>
4473,1123,2.3,0.95,A,B,False,<answer>B</answer>
7352,4038,3.5,2.35,A,A,True,<answer>A</answer>
106,3715,3.25,2.05,A,B,False,<answer>B</answer>
7223,5864,3.26,1.9,A,B,False,<answer>B</answer>
309,370,1.76,2.95,B,B,True,<answer>B</answer>
3434,3206,1.65,2.83,B,A,False,<answer>A</answer>
4966,784,1.63,3.0,B,B,True,<answer>B</answer>
1665,620,2.5,1.42,A,A,True,<answer>A</answer>
5963,1675,1.75,0.67,A,B,False,<answer>B</answer>
7722,7502,2.7,1.6,A,A,True,<answer>A</answer>
4642,3111,2.9,1.83,A,B,False,<answer>B</answer>
5481,5665,1.5,2.6,B,B,True,<answer>B</answer>
6599,5643,2.25,0.7,A,B,False,<answer>B</answer>
7024,1585,1.06,3.6,B,A,False,<answer>A</answer>
427,2102,1.69,2.9,B,B,True,<answer>B</answer>
1624,1471,1.22,2.65,B,B,True,<answer>B</answer>
627,4051,2.32,3.35,B,B,True,<answer>B</answer>
2848,2433,1.68,3.25,B,B,True,<answer>B</answer>
7606,6368,3.2,2.18,A,A,True,<answer>A</answer>
4314,1995,0.4,1.94,B,B,True,<answer>B</answer>
7660,687,0.89,3.68,B,B,True,<answer>B</answer>
2721,3260,1.67,2.85,B,A,False,<answer>A</answer>
5902,7688,2.3,3.33,B,A,False,<answer>A</answer>
4240,7090,3.1,1.45,A,B,False,<answer>B</answer>
4314,771,0.4,2.65,B,B,True,<answer>B</answer>
3425,4999,1.13,2.9,B,A,False,<answer>A</answer>
7778,7930,3.05,0.94,A,A,True,<answer>A</answer>
6672,6738,1.69,3.0,B,B,True,<answer>B</answer>
856,5406,1.6,3.0,B,A,False,<answer>A</answer>
1691,7362,3.4,1.68,A,B,False,<answer>B</answer>
2253,3259,2.11,3.3,B,A,False,<answer>A</answer>
549,5997,1.37,2.47,B,B,True,<answer>B</answer>
7940,3631,2.1,3.15,B,A,False,<answer>A</answer>
5058,4660,0.59,2.0,B,B,True,<answer>B</answer>
2810,7770,1.28,2.74,B,A,False,<answer>A</answer>
908,7472,2.5,1.1,A,A,True,<answer>A</answer>
5739,3712,1.75,3.16,B,A,False,<answer>A</answer>
1793,29,1.57,2.95,B,A,False,Return A
7380,6463,3.6,1.94,A,B,False,<answer>B</answer>
7988,5013,2.63,1.15,A,A,True,<answer>A</answer>
122,5904,0.56,2.55,B,B,True,<answer>B</answer>
4825,6530,3.15,1.0,A,A,True,<answer>A</answer>
2765,6520,3.0,1.7,A,B,False,<answer>B</answer>
6532,6618,1.26,2.37,B,A,False,<answer>A</answer>
3649,6935,2.95,1.7,A,B,False,<answer>B</answer>
4280,5747,1.61,2.74,B,B,True,<answer>B</answer>
3644,5405,1.37,2.37,B,B,True,<answer>B</answer>
6557,4803,3.1,1.7,A,A,True,<answer>A</answer>
7075,5600,1.68,2.84,B,B,True,<answer>B</answer>
1078,7588,2.37,3.5,B,B,True,<answer>B</answer>
4129,4359,1.25,2.7,B,B,True,<answer>B</answer>
370,1291,2.95,1.95,A,B,False,<answer>B</answer>
6274,3159,3.4,1.3,A,B,False,<answer>B</answer>
956,7970,0.1,2.3,B,B,True,<answer>B</answer>
1273,5926,2.75,1.1,A,B,False,<answer>B</answer>
4155,850,2.0,3.33,B,B,True,<answer>B</answer>
344,6025,1.69,2.94,B,B,True,<answer>B</answer>
5614,6370,1.75,2.75,B,A,False,<answer>A</answer>
7763,5785,3.3,1.75,A,B,False,<answer>B</answer>
7752,7185,1.65,3.17,B,B,True,<answer>B</answer>
6221,1976,3.15,2.0,A,B,False,<answer>B</answer>
4906,110,1.33,2.74,B,B,True,<answer>B</answer>
749,1939,2.74,1.61,A,B,False,<answer>B</answer>
3977,4445,2.0,3.3,B,A,False,<answer>A</answer>
3171,2816,1.7,2.75,B,B,True,<answer>B</answer>
4753,974,2.62,3.85,B,B,True,<answer>B</answer>
7360,4496,2.6,1.47,A,B,False,<answer>B</answer>
4051,2783,3.35,1.32,A,B,False,<answer>B</answer>
4915,4959,2.11,3.3,B,A,False,<answer>A</answer>
4980,4215,2.71,1.6,A,A,True,<answer>A</answer>
3254,600,1.79,3.0,B,A,False,<answer>A</answer>
3285,692,2.25,3.4,B,B,True,<answer>B</answer>
3720,1700,2.4,1.37,A,A,True,<answer>A</answer>
6463,7755,1.94,3.35,B,B,True,<answer>B</answer>
2380,6156,2.79,1.74,A,B,False,<answer>B</answer>
1123,7303,0.95,2.1,B,A,False,<answer>A</answer>
3910,1107,2.53,1.22,A,A,True,<answer>A</answer>
5669,4452,1.88,3.11,B,B,True,<answer>B</answer>
3627,4204,2.4,1.36,A,A,True,<answer>A</answer>
5859,2388,0.69,2.3,B,A,False,<answer>A</answer>
1010,4767,1.47,2.7,B,A,False,<answer>A</answer>
3903,6640,2.17,0.68,A,B,False,<answer>B</answer>
4787,503,2.93,1.68,A,B,False,<answer>B</answer>
3651,4015,1.7,2.89,B,A,False,<answer>A</answer>
6802,1997,2.3,1.25,A,B,False,<answer>B</answer>
6284,2774,2.8,1.6,A,B,False,<answer>B</answer>
5562,5699,3.4,2.3,A,B,False,<answer>B</answer>
3977,7147,2.0,3.05,B,B,True,<answer>B</answer>
2627,2480,2.9,1.75,A,A,True,<answer>A</answer>
6947,3852,2.39,1.05,A,B,False,<answer>B</answer>
3310,5521,0.83,2.7,B,B,True,<answer>B</answer>
572,5225,3.05,2.0,A,A,True,<answer>A</answer>
7150,3862,2.1,3.15,B,B,True,<answer>B</answer>
6527,5469,1.1,2.84,B,B,True,<answer>B</answer>
4905,1018,0.79,2.32,B,B,True,<answer>B</answer>
4322,6672,2.79,1.69,A,A,True,<answer>A</answer>
6129,582,1.45,2.5,B,B,True,<answer>B</answer>
1833,4335,1.53,2.75,B,A,False,<answer>A</answer>
6412,6156,3.07,1.74,A,B,False,<answer>B</answer>
1883,6236,0.7,2.55,B,B,True,<answer>B</answer>
1331,233,1.67,2.74,B,B,True,<answer>B</answer>
1031,143,1.45,3.4,B,B,True,<answer>B</answer>
4091,5189,1.85,3.68,B,B,True,<answer>B</answer>
3161,4984,3.0,1.85,A,B,False,<answer>B</answer>
2824,3092,2.8,1.13,A,B,False,<answer>B</answer>
2902,880,2.68,1.58,A,A,True,<answer>A</answer>
3344,1261,2.78,1.2,A,A,True,<answer>A</answer>
499,3154,2.95,1.75,A,B,False,<answer>B</answer>
1802,4351,3.15,1.55,A,A,True,<answer>A</answer>
313,3048,2.35,0.68,A,B,False,<answer>B</answer>
3301,2958,0.94,2.76,B,A,False,<answer>A</answer>
1691,2697,3.4,2.26,A,B,False,<answer>B</answer>
1037,6719,2.26,3.4,B,A,False,<answer>A</answer>
2654,3618,3.0,1.65,A,B,False,<answer>B</answer>
6368,1061,2.18,3.3,B,B,True,<answer>B</answer>
5282,4774,3.25,1.69,A,A,True,<answer>A</answer>
7140,7906,1.47,2.79,B,B,True,<answer>B</answer>
2595,2071,1.8,3.15,B,B,True,<answer>B</answer>
6500,5374,1.65,2.84,B,A,False,<answer>A</answer>
4967,5237,3.0,1.75,A,B,False,<answer>B</answer>
7807,4083,2.0,3.15,B,B,True,<answer>B</answer>
452,4802,1.63,3.35,B,B,True,<answer>B</answer>
1983,374,1.42,3.3,B,B,True,<answer>B</answer>
2167,7677,2.84,1.47,A,B,False,<answer>B</answer>
5275,7779,1.24,2.83,B,B,True,<answer>B</answer>
1178,1459,1.65,2.95,B,A,False,<answer>A</answer>
4088,5278,1.5,2.8,B,B,True,<answer>B</answer>
5427,3442,2.32,0.75,A,A,True,<answer>A</answer>
5027,1133,1.58,3.15,B,A,False,<answer>A</answer>
4528,839,1.74,3.65,B,B,True,<answer>B</answer>
798,123,0.78,3.16,B,B,True,<answer>B</answer>
100,7736,1.74,2.83,B,A,False,<answer>A</answer>
100,5001,1.74,3.1,B,B,True,<answer>B</answer>
4721,4370,1.7,2.74,B,B,True,<answer>B</answer>
1869,5332,2.75,1.47,A,A,True,<answer>A</answer>
3304,3712,2.15,3.16,B,B,True,<answer>B</answer>
211,4786,2.75,1.69,A,A,True,<answer>A</answer>
1203,4403,2.84,0.41,A,A,True,<answer>A</answer>
5020,5078,1.26,3.0,B,B,True,<answer>B</answer>
7459,5802,2.67,1.5,A,B,False,<answer>B</answer>
1483,1159,2.89,1.85,A,A,True,<answer>A</answer>
7864,2503,1.3,3.1,B,B,True,<answer>B</answer>
4159,5058,1.68,0.59,A,B,False,<answer>B</answer>
4129,26,1.25,2.65,B,B,True,<answer>B</answer>
1698,6888,3.21,2.11,A,B,False,<answer>B</answer>
5015,3856,0.58,2.05,B,A,False,<answer>A</answer>
3970,2133,3.1,1.42,A,A,True,<answer>A</answer>
6273,4613,3.05,2.0,A,A,True,<answer>A</answer>
3748,2588,3.2,1.89,A,B,False,<answer>B</answer>
5227,7270,3.0,1.7,A,A,True,<answer>A</answer>
4034,707,1.38,2.68,B,B,True,<answer>B</answer>
6383,3852,2.89,1.05,A,A,True,<answer>A</answer>
1978,1357,3.2,2.13,A,A,True,<answer>A</answer>
5681,2254,2.72,1.35,A,B,False,<answer>B</answer>
6836,4474,2.32,1.18,A,A,True,<answer>A</answer>
445,3258,2.17,3.25,B,A,False,<answer>A</answer>
2303,4996,1.58,3.05,B,B,True,<answer>B</answer>
2993,6756,1.6,2.85,B,B,True,<answer>B</answer>
7585,3963,3.05,2.0,A,B,False,<answer>B</answer>
4314,832,0.4,1.85,B,B,True,<answer>B</answer>
7160,1668,0.56,2.4,B,B,True,<answer>B</answer>
1573,2742,1.84,2.9,B,B,True,<answer>B</answer>
2392,7955,0.83,2.15,B,B,True,<answer>B</answer>
4170,5938,2.4,1.05,A,B,False,<answer>B</answer>
2165,2727,3.3,0.95,A,B,False,<answer>B</answer>
1122,1675,2.28,0.67,A,A,True,<answer>A</answer>
2294,5638,1.65,2.8,B,B,True,<answer>B</answer>
3301,1,0.94,2.42,B,B,True,<answer>B</answer>
7662,1880,0.1,2.21,B,B,True,<answer>B</answer>
486,3146,1.45,3.0,B,A,False,<answer>A</answer>
7327,1802,1.7,3.15,B,B,True,<answer>B</answer>
5627,1727,3.32,2.05,A,B,False,<answer>B</answer>
2694,7122,1.33,2.5,B,B,True,<answer>B</answer>
1178,4821,1.65,2.95,B,A,False,<answer>A</answer>
3636,3006,1.5,2.84,B,A,False,<answer>A</answer>
3607,1317,1.06,2.25,B,B,True,<answer>B</answer>
7321,7894,0.3,2.18,B,B,True,<answer>B</answer>
3557,687,2.0,3.68,B,B,True,<answer>B</answer>
4921,3310,2.25,0.83,A,B,False,<answer>B</answer>
6073,5570,1.63,3.0,B,A,False,<answer>A</answer>
3668,5689,1.05,2.4,B,B,True,<answer>B</answer>
4060,1151,1.95,2.95,B,A,False,<answer>A</answer>
1248,3187,3.39,2.35,A,B,False,<answer>B</answer>
750,1118,2.89,1.75,A,A,True,<answer>A</answer>
7356,6520,2.75,1.7,A,B,False,<answer>B</answer>
5384,1675,2.62,0.67,A,B,False,<answer>B</answer>
5043,6557,1.94,3.1,B,B,True,<answer>B</answer>
1522,4468,1.62,2.67,B,B,True,<answer>B</answer>
5226,7540,1.47,2.58,B,B,True,<answer>B</answer>
4350,6108,1.9,3.35,B,A,False,<answer>A</answer>
4700,5337,1.47,2.71,B,A,False,<answer>A</answer>
5246,6235,3.05,1.33,A,A,True,<answer>A</answer>
5761,4691,2.8,1.4,A,B,False,<answer>B</answer>
1474,2620,3.25,2.15,A,B,False,<answer>B</answer>
1714,6557,2.08,3.1,B,B,True,<answer>B</answer>
1697,280,2.79,1.65,A,B,False,<answer>B</answer>
3140,672,1.5,2.58,B,B,True,<answer>B</answer>
108,7931,2.75,1.74,A,A,True,<answer>A</answer>
3732,1545,2.8,1.7,A,B,False,<answer>B</answer>
5705,3288,1.68,2.78,B,A,False,<answer>A</answer>
2410,2507,3.35,1.95,A,B,False,<answer>B</answer>
1992,7850,2.0,3.15,B,B,True,<answer>B</answer>
5325,1770,2.7,3.79,B,A,False,<answer>A</answer>
2632,1211,3.25,1.78,A,B,False,<answer>B</answer>
6759,5681,1.11,2.72,B,B,True,<answer>B</answer>
3726,4657,1.12,2.32,B,A,False,<answer>A</answer>
6258,3722,2.73,1.31,A,A,True,<answer>A</answer>
4791,4802,2.15,3.35,B,A,False,<answer>A</answer>
7813,7021,3.42,2.21,A,B,False,<answer>B</answer>
5112,1154,1.35,3.0,B,B,True,<answer>B</answer>
2528,7784,1.45,2.6,B,A,False,<answer>A</answer>
1721,573,2.68,1.45,A,A,True,<answer>A</answer>
7440,4596,3.0,1.89,A,B,False,<answer>B</answer>
792,2525,1.84,2.95,B,A,False,<answer>A</answer>
7075,6812,1.68,2.74,B,B,True,<answer>B</answer>
6749,5112,2.5,1.35,A,B,False,<answer>B</answer>
51,2443,1.71,3.0,B,B,True,<answer>B</answer>
3308,2779,1.4,2.67,B,A,False,<answer>A</answer>
4712,134,2.21,3.4,B,B,True,<answer>B</answer>
4301,2933,1.17,2.3,B,B,True,<answer>B</answer>
4901,1988,3.1,2.0,A,B,False,<answer>B</answer>
6560,1248,2.16,3.39,B,B,True,<answer>B</answer>
2348,2460,2.5,1.17,A,A,True,<answer>A</answer>
278,3744,3.05,1.29,A,B,False,<answer>B</answer>
2366,5234,2.75,1.65,A,B,False,<answer>B</answer>
3260,5673,2.85,1.75,A,B,False,<answer>B</answer>
5111,5029,1.9,3.35,B,A,False,<answer>A</answer>
1769,3301,2.39,0.94,A,B,False,<answer>B</answer>
122,1425,0.56,2.9,B,B,True,<answer>B</answer>
6361,7468,1.38,2.67,B,B,True,<answer>B</answer>
3933,7227,1.8,3.11,B,A,False,<answer>A</answer>
1902,5523,3.6,1.6,A,B,False,<answer>B</answer>
5682,3016,1.75,3.12,B,A,False,<answer>A</answer>
3802,4687,2.0,3.0,B,A,False,<answer>A</answer>
6504,2273,2.68,1.2,A,A,True,<answer>A</answer>
2985,1352,1.56,3.0,B,B,True,<answer>B</answer>
4736,3742,3.1,1.9,A,B,False,<answer>B</answer>
4791,1123,2.15,0.95,A,B,False,<answer>B</answer>
6603,4909,3.3,2.29,A,A,True,<answer>A</answer>
880,6331,1.58,2.74,B,B,True,<answer>B</answer>
5125,2418,2.7,1.28,A,A,True,<answer>A</answer>
4413,7997,2.47,1.33,A,B,False,<answer>B</answer>
7094,6518,3.15,1.26,A,B,False,<answer>B</answer>
3126,1154,1.5,3.0,B,B,True,<answer>B</answer>
6108,1933,3.35,2.25,A,A,True,<answer>A</answer>
2985,732,1.56,3.26,B,B,True,<answer>B</answer>
5025,349,3.26,2.2,A,A,True,<answer>A</answer>
707,1421,2.68,0.71,A,B,False,<answer>B</answer>
974,6312,3.85,1.9,A,A,True,<answer>A</answer>
399,2118,2.11,0.7,A,B,False,<answer>B</answer>
1026,3258,1.35,3.25,B,B,True,<answer>B</answer>
4463,5477,2.37,1.22,A,A,True,<answer>A</answer>
6641,4066,2.55,3.8,B,B,True,<answer>B</answer>
7321,2498,0.3,2.62,B,A,False,<answer>A</answer>
3748,5279,3.2,2.1,A,B,False,<answer>B</answer>
4487,1758,1.56,2.65,B,A,False,<answer>A</answer>
6600,1154,4.0,3.0,A,B,False,<answer>B</answer>
1181,4687,1.44,3.0,B,B,True,<answer>B</answer>
4975,4163,2.69,1.68,A,A,True,<answer>A</answer>
3848,1401,1.7,2.7,B,A,False,<answer>A</answer>
2966,956,2.3,0.1,A,B,False,<answer>B</answer>
1245,6129,2.68,1.45,A,B,False,<answer>B</answer>
1135,2394,3.33,2.3,A,A,True,<answer>A</answer>
5753,5267,1.06,2.46,B,B,True,<answer>B</answer>
3588,3345,2.7,1.6,A,A,True,<answer>A</answer>
1902,1103,3.6,2.05,A,B,False,<answer>B</answer>
1077,5379,1.33,2.79,B,B,True,<answer>B</answer>
5995,5597,1.32,3.55,B,B,True,<answer>B</answer>
5173,128,1.55,2.75,B,B,True,<answer>B</answer>
5986,1692,1.95,3.0,B,A,False,<answer>A</answer>
481,2902,1.0,2.68,B,A,False,<answer>A</answer>
184,7660,2.33,0.89,A,B,False,<answer>B</answer>
204,4833,1.56,0.18,A,A,True,<answer>A</answer>
1675,6601,0.67,2.8,B,B,True,<answer>B</answer>
5667,6935,2.7,1.7,A,A,True,<answer>A</answer>
6086,2345,1.29,2.45,B,B,True,<answer>B</answer>
7902,2184,2.0,3.26,B,A,False,<answer>A</answer>
5077,3781,1.1,2.65,B,B,True,<answer>B</answer>
1318,1157,1.75,3.28,B,B,True,<answer>B</answer>
1380,1189,0.88,2.85,B,A,False,<answer>A</answer>
7228,6569,2.1,1.0,A,A,True,<answer>A</answer>
1537,5069,2.85,1.75,A,B,False,<answer>B</answer>
103,4984,0.27,1.85,B,A,False,<answer>A</answer>
4079,5517,1.63,2.9,B,B,True,<answer>B</answer>
5715,7594,3.0,1.6,A,A,True,<answer>A</answer>
5807,2122,2.0,3.1,B,B,True,<answer>B</answer>
6669,1698,1.32,3.21,B,B,True,<answer>B</answer>
1243,2694,2.6,1.33,A,A,True,<answer>A</answer>
7588,1044,3.5,1.33,A,A,True,<answer>A</answer>
2478,4758,3.05,1.26,A,B,False,<answer>B</answer>
3658,1095,2.4,1.26,A,B,False,<answer>B</answer>
970,6432,2.9,1.18,A,A,True,<answer>A</answer>
2377,7521,3.75,2.06,A,A,True,<answer>A</answer>
411,1571,2.74,1.06,A,B,False,<answer>B</answer>
2307,3323,1.45,3.26,B,B,True,<answer>B</answer>
2218,2722,3.85,2.4,A,B,False,<answer>B</answer>
5706,5100,2.95,1.7,A,B,False,<answer>B</answer>
5975,839,2.4,3.65,B,B,True,<answer>B</answer>
7786,3360,2.5,1.1,A,A,True,<answer>A</answer>
393,5282,1.65,3.25,B,B,True,<answer>B</answer>
4752,2471,1.74,2.95,B,B,True,I find <answer>B</answer> to be funnier.
4946,2842,1.35,2.42,B,B,True,<answer>B</answer>
5131,867,2.63,1.18,A,B,False,<answer>B</answer>
994,7616,2.7,1.55,A,A,True,<answer>A</answer>
2608,2618,1.24,2.63,B,B,True,<answer>B</answer>
6597,6532,2.79,1.26,A,B,False,<answer>B</answer>
7991,4331,1.21,2.6,B,A,False,<answer>A</answer>
3782,281,3.32,1.75,A,B,False,<answer>B</answer>
3774,6121,1.7,3.0,B,A,False,<answer>A</answer>
5346,490,1.24,2.35,B,B,True,<answer>B</answer>
205,4463,1.17,2.37,B,B,True,<answer>B</answer>
611,6530,3.05,1.0,A,B,False,<answer>B</answer>
6031,6526,2.1,0.6,A,A,True,<answer>A</answer>
1475,563,3.1,1.35,A,A,True,<answer>A</answer>
1698,1607,3.21,1.8,A,A,True,<answer>A</answer>
7673,6324,3.15,1.94,A,A,True,<answer>A</answer>
3726,4263,1.12,2.21,B,B,True,<answer>B</answer>
2867,6202,1.8,2.95,B,A,False,<answer>A</answer>
2486,6112,2.17,1.17,A,A,True,<answer>A</answer>
3542,7638,3.0,1.5,A,A,True,<answer>A</answer>
1342,5219,1.07,2.5,B,B,True,<answer>B</answer>
3161,4054,3.0,1.9,A,B,False,<answer>B</answer>
1462,587,2.8,1.74,A,B,False,<answer>B</answer>
1326,4042,2.6,1.1,A,B,False,<answer>B</answer>
6006,4445,1.41,3.3,B,A,False,<answer>A</answer>
6432,3415,1.18,2.53,B,B,True,<answer>B</answer>
4677,3996,1.9,3.17,B,A,False,<answer>A</answer>
273,1983,2.7,1.42,A,A,True,<answer>A</answer>
542,7688,2.2,3.33,B,A,False,<answer>A</answer>
114,6600,1.59,4.0,B,A,False,<answer>A</answer>
3850,1068,1.7,2.75,B,A,False,<answer>A</answer>
4701,6271,1.94,3.05,B,B,True,<answer>B</answer>
5291,1306,3.1,2.05,A,A,True,<answer>A</answer>
4128,2313,2.95,1.95,A,A,True,<answer>A</answer>
7676,4273,3.0,1.35,A,B,False,<answer>B</answer>
1823,5539,1.68,3.37,B,B,True,<answer>B</answer>
4050,3996,2.05,3.17,B,A,False,<answer>A</answer>
6203,4749,2.95,1.4,A,B,False,<answer>B</answer>
6115,5453,1.75,3.16,B,B,True,<answer>B</answer>
2071,3993,3.15,2.12,A,B,False,<answer>B</answer>
89,6413,3.25,2.05,A,A,True,<answer>A</answer>
3839,6361,2.5,1.38,A,B,False,<answer>B</answer>
3761,371,1.53,2.61,B,B,True,<answer>B</answer>
5176,7485,2.4,1.18,A,A,True,<answer>A</answer>
6078,6200,3.05,1.6,A,B,False,<answer>B</answer>
2789,4619,2.63,1.61,A,A,True,<answer>A</answer>
6959,5189,2.25,3.68,B,B,True,<answer>B</answer>
5230,4018,1.61,3.11,B,B,True,<answer>B</answer>
3441,6969,1.55,3.11,B,B,True,<answer>B</answer>
7704,4608,0.72,2.1,B,B,True,<answer>B</answer>
3084,2132,3.29,1.2,A,A,True,<answer>A</answer>
3141,3078,2.8,1.55,A,A,True,<answer>A</answer>
2323,5112,2.37,1.35,A,B,False,<answer>B</answer>
956,5858,0.1,3.05,B,A,False,<answer>A</answer>
5026,5976,2.75,1.4,A,A,True,<answer>A</answer>
7730,1137,1.2,2.45,B,B,True,<answer>B</answer>
2692,1285,2.84,1.74,A,A,True,<answer>A</answer>
5828,879,2.1,3.25,B,B,True,<answer>B</answer>
2975,3837,1.37,2.6,B,A,False,<answer>A</answer>
4144,5295,2.55,1.3,A,A,True,<answer>A</answer>
4470,421,2.79,1.0,A,B,False,<answer>B</answer>
956,7482,0.1,1.5,B,A,False,<answer>A</answer>
1738,3602,2.1,0.85,A,B,False,<answer>B</answer>
7099,5045,2.0,0.82,A,B,False,<answer>B</answer>
1682,5713,3.21,1.9,A,A,True,<answer>A</answer>
3157,755,2.56,1.45,A,A,True,<answer>A</answer>
1014,3326,2.1,1.0,A,B,False,<answer>B</answer>
2722,6544,2.4,3.4,B,A,False,<answer>A</answer>
5889,4015,1.1,2.89,B,B,True,<answer>B</answer>
4588,5462,1.21,2.21,B,B,True,<answer>B</answer>
6906,1845,1.0,2.72,B,A,False,<answer>A</answer>
3125,5843,1.95,2.95,B,B,True,<answer>B</answer>
281,6600,1.75,4.0,B,A,False,<answer>A</answer>
7076,674,1.63,3.7,B,B,True,<answer>B</answer>
409,7188,2.79,1.47,A,A,True,<answer>A</answer>
366,2871,2.65,1.46,A,B,False,<answer>B</answer>
7345,5162,1.21,2.3,B,B,True,<answer>B</answer>
5073,2183,3.13,1.94,A,A,True,<answer>A</answer>
159,3329,1.28,2.55,B,B,True,<answer>B</answer>
4764,490,1.28,2.35,B,B,True,<answer>B</answer>
6544,3446,3.4,1.88,A,B,False,<answer>B</answer>
4206,550,2.5,3.5,B,B,True,<answer>B</answer>
204,4687,1.56,3.0,B,A,False,<answer>A</answer>
1458,1029,2.8,1.56,A,B,False,<answer>B</answer>
6773,1522,2.95,1.62,A,B,False,<answer>B</answer>
408,3898,0.27,2.5,B,B,True,<answer>B</answer>
340,1424,2.85,1.32,A,A,True,<answer>A</answer>
5069,1039,1.75,3.21,B,A,False,<answer>A</answer>
2985,7500,1.56,2.79,B,B,True,<answer>B</answer>
5568,7160,2.61,0.56,A,A,True,<answer>A</answer>
5852,6899,2.53,0.5,A,A,True,<answer>A</answer>
7638,2586,1.5,2.78,B,B,True,<answer>B</answer>
6696,7442,0.1,2.5,B,B,True,<answer>B</answer>
5424,1075,2.74,1.65,A,A,True,<answer>A</answer>
6025,2391,2.94,1.6,A,B,False,<answer>B</answer>
5576,1623,1.39,2.53,B,B,True,<answer>B</answer>
7399,5339,2.55,1.15,A,B,False,<answer>B</answer>
4457,4454,0.68,2.33,B,B,True,<answer>B</answer>
974,4704,3.85,2.55,A,A,True,<answer>A</answer>
5430,5979,0.5,2.63,B,B,True,<answer>B</answer>
6019,4919,1.47,2.75,B,B,True,<answer>B</answer>
4518,6526,3.15,0.6,A,A,True,<answer>A</answer>
7691,6732,3.25,2.21,A,B,False,<answer>B</answer>
3783,5677,1.42,2.65,B,B,True,<answer>B</answer>
2787,5722,1.75,3.3,B,B,True,<answer>B</answer>
4596,1320,1.89,2.95,B,B,True,<answer>B</answer>
3815,1593,3.0,1.9,A,B,False,<answer>B</answer>
522,7169,1.76,3.45,B,B,True,<answer>B</answer>
6906,1697,1.0,2.79,B,A,False,<answer>A</answer>
3909,1463,0.87,1.9,B,B,True,<answer>B</answer>
6525,5744,1.47,2.6,B,A,False,<answer>A</answer>
6713,2101,1.89,2.9,B,B,True,<answer>B</answer>
5755,505,2.85,1.8,A,A,True,<answer>A</answer>
2021,6410,1.56,2.65,B,B,True,I find <answer>B</answer> funnier. The unexpected twist at the end makes it a more effective joke.
880,5764,1.58,2.65,B,B,True,<answer>B</answer>
511,5569,1.22,2.25,B,B,True,<answer>B</answer>
7940,5212,2.1,0.45,A,B,False,<answer>B</answer>
3807,1503,3.05,1.53,A,B,False,<answer>B</answer>
5944,4093,3.0,1.75,A,B,False,<answer>B</answer>
266,278,1.65,3.05,B,B,True,<answer>B</answer>
1201,4410,3.05,1.75,A,A,True,<answer>A</answer>
2785,4809,1.58,2.79,B,B,True,<answer>B</answer>
3050,5249,2.0,3.3,B,A,False,<answer>A</answer>
6637,5277,1.95,3.0,B,B,True,<answer>B</answer>
3622,1663,2.06,3.15,B,B,True,<answer>B</answer>
5316,5029,1.53,3.35,B,B,True,<answer>B</answer>
7654,3508,1.0,2.85,B,B,True,<answer>B</answer>
6003,1446,2.95,0.33,A,B,False,<answer>B</answer>
7473,1456,2.65,1.58,A,B,False,<answer>B</answer>
2270,7447,3.25,2.0,A,A,True,<answer>A</answer>
1106,3321,1.33,2.61,B,B,True,<answer>B</answer>
3093,7511,2.56,1.05,A,A,True,<answer>A</answer>
6612,7241,3.1,1.79,A,B,False,<answer>B</answer>
4262,3132,3.1,1.95,A,A,True,<answer>A</answer>
6389,6827,2.5,1.5,A,A,True,<answer>A</answer>
1029,5665,1.56,2.6,B,A,False,<answer>A</answer>
174,2173,1.72,2.92,B,A,False,<answer>A</answer>
6927,3607,2.15,1.06,A,B,False,<answer>B</answer>
4211,126,2.81,1.24,A,A,True,<answer>A</answer>
798,6209,0.78,2.18,B,B,True,<answer>B</answer>
3384,7449,2.9,1.87,A,B,False,<answer>B</answer>
2671,1029,2.61,1.56,A,B,False,<answer>B</answer>
7479,3486,2.95,1.85,A,B,False,<answer>B</answer>
1615,7410,1.8,3.1,B,B,True,<answer>B</answer>
2532,7433,2.88,1.35,A,B,False,<answer>B</answer>
4349,1252,1.71,3.2,B,B,True,<answer>B</answer>
6273,7241,3.05,1.79,A,B,False,<answer>B</answer>
4402,4197,1.65,3.25,B,B,True,<answer>B</answer>
801,5539,1.81,3.37,B,B,True,<answer>B</answer>
6137,7508,3.0,1.55,A,B,False,<answer>B</answer>
6108,4983,3.35,1.95,A,A,True,<answer>A</answer>
692,4126,3.4,1.63,A,B,False,<answer>B</answer>
2370,3804,1.85,2.95,B,B,True,<answer>B</answer>
7680,4708,2.26,3.55,B,A,False,<answer>A</answer>
2084,7151,2.4,3.53,B,A,False,<answer>A</answer>
6198,2896,3.32,1.5,A,B,False,<answer>B</answer>
1547,6853,4.0,2.85,A,A,True,<answer>A</answer>
4279,7786,1.31,2.5,B,B,True,<answer>B</answer>
5029,7808,3.35,2.25,A,A,True,<answer>A</answer>
106,4765,3.25,1.85,A,A,True,<answer>A</answer>
4430,6297,3.2,2.15,A,A,True,<answer>A</answer>
288,5829,1.75,3.1,B,A,False,<answer>A</answer>
6057,7879,1.65,2.74,B,A,False,<answer>A</answer>
3242,6274,2.4,3.4,B,A,False,<answer>A</answer>
4467,6384,2.9,1.8,A,A,True,<answer>A</answer>
5614,1439,1.75,2.85,B,A,False,<answer>A</answer>
7666,3584,1.0,2.0,B,B,True,<answer>B</answer>
1203,702,2.84,1.45,A,A,True,<answer>A</answer>
2298,2643,2.0,3.1,B,A,False,<answer>A</answer>
2457,1064,2.44,1.43,A,A,True,<answer>A</answer>
6147,3226,3.3,2.2,A,B,False,<answer>B</answer>
2013,5665,1.53,2.6,B,A,False,<answer>A</answer>
4585,1343,2.75,1.35,A,B,False,<answer>B</answer>
158,5373,2.55,1.38,A,A,True,<answer>A</answer>
4964,6274,1.94,3.4,B,B,True,<answer>B</answer>
1061,5104,3.3,2.0,A,A,True,<answer>A</answer>
626,5774,2.94,1.89,A,A,True,<answer>A</answer>
4882,646,3.1,1.9,A,B,False,<answer>B</answer>
5550,4731,0.95,2.2,B,A,False,<answer>A</answer>
4306,3950,1.8,3.05,B,B,True,<answer>B</answer>
5257,7064,0.67,3.05,B,A,False,<answer>A</answer>
7108,1107,2.5,1.22,A,A,True,<answer>A</answer>
5287,2410,1.8,3.35,B,A,False,<answer>A</answer>
2739,5407,3.1,1.89,A,A,True,<answer>A</answer>
1296,4219,1.55,2.65,B,B,True,<answer>B</answer>
2936,834,0.65,1.87,B,B,True,<answer>B</answer>
7799,6110,0.67,2.22,B,B,True,<answer>B</answer>
7406,6298,1.45,3.11,B,A,False,<answer>A</answer>
6600,2787,4.0,1.75,A,B,False,<answer>B</answer>
5348,3395,2.94,1.36,A,B,False,<answer>B</answer>
6432,7453,1.18,2.74,B,B,True,<answer>B</answer>
4910,7037,2.7,1.1,A,B,False,<answer>B</answer>
1762,5037,2.63,1.22,A,B,False,<answer>B</answer>
3831,7575,1.29,3.21,B,A,False,<answer>A</answer>
2132,5322,1.2,2.53,B,B,True,<answer>B</answer>
4214,6648,1.25,2.47,B,B,True,<answer>B</answer>
5212,2997,0.45,3.05,B,A,False,<answer>A</answer>
4424,6154,1.0,2.3,B,B,True,<answer>B</answer>
7991,5175,1.21,2.89,B,A,False,<answer>A</answer>
2167,2559,2.84,1.56,A,B,False,<answer>B</answer>
6090,3258,1.95,3.25,B,B,True,<answer>B</answer>
2356,6116,3.0,1.56,A,A,True,<answer>A</answer>
908,6129,2.5,1.45,A,B,False,<answer>B</answer>
4828,5300,2.6,1.54,A,A,True,<answer>A</answer>
1296,4367,1.55,2.72,B,B,True,<answer>B</answer>
2119,7526,2.1,3.16,B,A,False,<answer>A</answer>
6292,5838,2.67,1.6,A,B,False,<answer>B</answer>
4018,1988,3.11,2.0,A,B,False,<answer>B</answer>
2282,4558,3.35,1.42,A,A,True,<answer>A</answer>
6419,2269,1.56,3.58,B,A,False,<answer>A</answer>
2992,4531,3.2,1.9,A,B,False,<answer>B</answer>
1314,4361,1.22,2.3,B,B,True,<answer>B</answer>
3611,7345,2.27,1.21,A,B,False,<answer>B</answer>
1309,7137,2.95,1.95,A,B,False,<answer>B</answer>
7813,6052,3.42,1.5,A,A,True,<answer>A</answer>
3603,7991,2.5,1.21,A,B,False,<answer>B</answer>
2352,4351,2.95,1.55,A,A,True,<answer>A</answer>
3308,7072,1.4,2.53,B,A,False,<answer>A</answer>
5839,4098,1.78,2.84,B,A,False,<answer>A</answer>
6447,2423,3.25,2.05,A,B,False,<answer>B</answer>
3084,1454,3.29,1.8,A,B,False,<answer>B</answer>
4054,6640,1.9,0.68,A,B,False,<answer>B</answer>
2783,7578,1.32,3.5,B,B,True,<answer>B</answer>
2097,4289,2.75,1.64,A,B,False,<answer>B</answer>
5257,2296,0.67,1.85,B,B,True,<answer>B</answer>
4088,5662,1.5,2.5,B,B,True,<answer>B</answer>
5367,723,2.55,1.42,A,B,False,<answer>B</answer>
5093,5685,1.61,2.67,B,A,False,<answer>A</answer>
3644,5842,1.37,3.32,B,A,False,<answer>A</answer>
4317,6350,1.85,2.9,B,A,False,<answer>A</answer>
1343,734,1.35,2.7,B,B,True,<answer>B</answer>
7151,3670,3.53,2.35,A,A,True,<answer>A</answer>
7457,2636,3.1,1.4,A,B,False,<answer>B</answer>
302,3391,2.65,0.88,A,A,True,<answer>A</answer>
5260,6431,3.0,1.45,A,B,False,<answer>B</answer>
7010,786,2.68,1.63,A,A,True,<answer>A</answer>
6669,4335,1.32,2.75,B,A,False,<answer>A</answer>
6507,3750,2.95,1.9,A,A,True,<answer>A</answer>
3680,5728,3.17,2.0,A,B,False,<answer>B</answer>
4371,2031,2.7,1.4,A,A,True,<answer>A</answer>
6025,7001,2.94,1.9,A,B,False,<answer>B</answer>
7629,5327,1.68,3.35,B,B,True,<answer>B</answer>
2998,115,3.1,2.05,A,A,True,<answer>A</answer>
7075,4329,1.68,2.85,B,B,True,<answer>B</answer>
2643,7623,3.1,1.89,A,B,False,<answer>B</answer>
2045,7660,2.12,0.89,A,A,True,<answer>A</answer>
3607,5651,1.06,2.3,B,B,True,<answer>B</answer>
4709,2882,3.25,1.95,A,A,True,<answer>A</answer>
5836,1657,2.12,1.11,A,A,True,<answer>A</answer>
1675,7834,0.67,2.94,B,B,True,<answer>B</answer>
2337,6708,1.39,2.65,B,B,True,<answer>B</answer>
1615,6464,1.8,3.18,B,A,False,<answer>A</answer>
6324,3391,1.94,0.88,A,B,False,<answer>B</answer>
204,6061,1.56,3.11,B,A,False,<answer>A</answer>
4788,4115,3.21,1.91,A,A,True,<answer>A</answer>
1883,6223,0.7,2.6,B,B,True,<answer>B</answer>
6873,2021,3.0,1.56,A,A,True,<answer>A</answer>
6578,393,3.25,1.65,A,A,True,<answer>A</answer>
4386,376,1.6,2.6,B,B,True,<answer>B</answer>
6298,6157,3.11,2.05,A,B,False,<answer>B</answer>
8,1809,1.79,2.89,B,B,True,<answer>B</answer>
1725,4279,2.9,1.31,A,B,False,<answer>B</answer>
1083,1261,3.05,1.2,A,A,True,<answer>A</answer>
3330,2457,1.3,2.44,B,A,False,<answer>A</answer>
3996,4351,3.17,1.55,A,B,False,<answer>B</answer>
6126,7845,1.8,2.85,B,B,True,<answer>B</answer>
4343,1762,0.53,2.63,B,A,False,<answer>A</answer>
450,5125,1.28,2.7,B,B,True,<answer>B</answer>
184,1919,2.33,1.0,A,B,False,<answer>B</answer>
2172,3152,3.06,1.95,A,B,False,<answer>B</answer>
5838,7243,1.6,3.16,B,B,True,<answer>B</answer>
4463,4462,2.37,0.8,A,B,False,<answer>B</answer>
3391,2475,0.88,2.33,B,B,True,<answer>B</answer>
3916,7301,1.7,2.74,B,B,True,<answer>B</answer>
4075,4603,1.53,2.74,B,B,True,<answer>B</answer>
2584,1901,3.45,2.45,A,A,True,<answer>A</answer>
3224,5202,3.0,1.78,A,A,True,<answer>A</answer>
5327,1662,3.35,2.3,A,B,False,<answer>B</answer>
6901,1571,2.59,1.06,A,B,False,<answer>B</answer>
6241,3091,3.2,1.61,A,B,False,<answer>B</answer>
3392,1514,3.2,1.71,A,A,True,<answer>A</answer>
1400,3722,2.4,1.31,A,A,True,<answer>A</answer>
3668,3340,1.05,2.83,B,B,True,<answer>B</answer>
7994,551,3.7,2.47,A,A,True,<answer>A</answer>
3161,4792,3.0,1.45,A,A,True,<answer>A</answer>
5843,6111,2.95,1.95,A,B,False,<answer>B</answer>
6930,492,2.0,0.94,A,A,True,<answer>A</answer>
1314,4353,1.22,2.62,B,B,True,<answer>B</answer>
6077,3489,2.25,3.55,B,B,True,<answer>B</answer>
1178,6612,1.65,3.1,B,A,False,<answer>A</answer>
1342,1203,1.07,2.84,B,A,False,<answer>A</answer>
4150,6576,1.46,2.79,B,B,True,<answer>B</answer>
2258,2133,2.95,1.42,A,A,True,<answer>A</answer>
1083,4289,3.05,1.64,A,A,True,<answer>A</answer>
2861,5844,2.61,1.2,A,B,False,<answer>B</answer>
275,6392,2.1,3.11,B,B,True,<answer>B</answer>
7532,7314,3.0,1.81,A,B,False,<answer>B</answer>
3121,4236,2.8,1.47,A,B,False,<answer>B</answer>
1809,1026,2.89,1.35,A,B,False,<answer>B</answer>
3036,4613,3.05,2.0,A,A,True,<answer>A</answer>
4603,6310,2.74,1.6,A,B,False,<answer>B</answer>
5407,1934,1.89,2.9,B,B,True,<answer>B</answer>
7038,833,3.26,2.11,A,A,True,<answer>A</answer>
2410,2384,3.35,1.53,A,A,True,<answer>A</answer>
1602,6544,1.85,3.4,B,B,True,<answer>B</answer>
1256,5356,1.18,2.28,B,B,True,<answer>B</answer>
1278,2433,2.07,3.25,B,B,True,<answer>B</answer>
2454,1208,2.95,1.25,A,A,True,<answer>A</answer>
6941,1252,1.58,3.2,B,B,True,<answer>B</answer>
7024,27,1.06,2.4,B,B,True,<answer>B</answer>
6719,2365,3.4,2.16,A,B,False,<answer>B</answer>
511,7146,1.22,2.45,B,B,True,<answer>B</answer>
6871,7832,1.7,3.6,B,A,False,<answer>A</answer>
856,7360,1.6,2.6,B,A,False,<answer>A</answer>
7472,7636,1.1,2.84,B,A,False,<answer>A</answer>
2651,7250,2.35,3.68,B,B,True,<answer>B</answer>
5369,5672,1.7,2.74,B,B,True,<answer>B</answer>
6480,1084,1.25,2.5,B,A,False,<answer>A</answer>
677,5759,1.75,2.79,B,B,True,<answer>B</answer>
4239,956,3.21,0.1,A,B,False,<answer>B</answer>
583,5336,2.11,3.74,B,B,True,<answer>B</answer>
3429,5634,3.15,1.44,A,B,False,<answer>B</answer>
131,5529,2.75,1.16,A,A,True,<answer>A</answer>
5247,134,1.9,3.4,B,B,True,<answer>B</answer>
1547,1537,4.0,2.85,A,B,False,<answer>B</answer>
5282,3406,3.25,0.82,A,A,True,<answer>A</answer>
3471,7566,1.21,2.3,B,B,True,<answer>B</answer>
3210,5786,1.6,3.05,B,A,False,<answer>A</answer>
5863,7930,2.16,0.94,A,A,True,<answer>A</answer>
7540,573,2.58,1.45,A,A,True,<answer>A</answer>
3269,7994,1.81,3.7,B,B,True,<answer>B</answer>
2164,7398,2.0,3.1,B,B,True,<answer>B</answer>
5070,50,1.75,2.75,B,B,True,<answer>B</answer>
1604,2985,2.7,1.56,A,B,False,<answer>B</answer>
464,7479,1.79,2.95,B,A,False,<answer>A</answer>
265,6307,2.45,1.28,A,A,True,<answer>A</answer>
6036,6342,2.76,1.63,A,B,False,<answer>B</answer>
5339,3022,1.15,2.58,B,A,False,<answer>A</answer>
7535,2582,1.9,3.0,B,B,True,<answer>B</answer>
5219,2822,2.5,1.5,A,A,True,<answer>A</answer>
1454,7201,1.8,3.2,B,B,True,<answer>B</answer>
5482,3983,3.0,1.4,A,B,False,<answer>B</answer>
7321,2101,0.3,2.9,B,B,True,<answer>B</answer>
5134,7522,1.75,3.42,B,A,False,<answer>A</answer>
5469,2013,2.84,1.53,A,B,False,<answer>B</answer>
2812,4080,2.8,1.33,A,B,False,<answer>B</answer>
4825,4183,3.15,1.6,A,A,True,<answer>A</answer>
519,1296,2.73,1.55,A,A,True,<answer>A</answer>
6266,5064,3.3,1.9,A,A,True,<answer>A</answer>
4551,4496,2.75,1.47,A,A,True,<answer>A</answer>
6811,2548,0.84,2.39,B,A,False,<answer>A</answer>
310,6900,2.45,1.41,A,A,True,<answer>A</answer>
3489,5965,3.55,2.5,A,B,False,<answer>B</answer>
5654,5407,3.65,1.89,A,B,False,<answer>B</answer>
7336,3471,3.21,1.21,A,A,True,<answer>A</answer>
1123,4223,0.95,2.61,B,A,False,<answer>A</answer>
850,2063,3.33,2.05,A,B,False,<answer>B</answer>
799,7858,2.8,1.5,A,B,False,<answer>B</answer>
3035,4256,1.5,2.8,B,B,True,<answer>B</answer>
3332,4565,3.84,2.35,A,B,False,<answer>B</answer>
5921,1060,1.22,2.74,B,A,False,<answer>A</answer>
7552,860,2.85,1.05,A,B,False,<answer>B</answer>
6464,3982,3.18,1.74,A,B,False,<answer>B</answer>
2284,7791,1.87,2.95,B,A,False,<answer>A</answer>
4856,5300,2.6,1.54,A,B,False,<answer>B</answer>
1261,2880,1.2,2.47,B,B,True,<answer>B</answer>
6601,6432,2.8,1.18,A,A,True,<answer>A</answer>
2146,6444,2.75,1.6,A,A,True,<answer>A</answer>
1421,877,0.71,2.65,B,B,True,<answer>B</answer>
3831,6311,1.29,2.7,B,B,True,<answer>B</answer>
5539,2870,3.37,2.2,A,B,False,<answer>B</answer>
3743,7037,2.15,1.1,A,B,False,<answer>B</answer>
1724,4969,1.16,2.61,B,B,True,<answer>B</answer>
827,6274,2.06,3.4,B,A,False,<answer>A</answer>
5550,4920,0.95,2.1,B,A,False,<answer>A</answer>
4147,6305,1.3,2.32,B,A,False,<answer>A</answer>
7364,4515,2.47,1.4,A,A,True,<answer>A</answer>
3310,6457,0.83,2.6,B,B,True,<answer>B</answer>
5976,877,1.4,2.65,B,B,True,<answer>B</answer>
1920,4833,1.74,0.18,A,A,True,<answer>A</answer>
6276,774,2.82,1.8,A,B,False,<answer>B</answer>
4722,6384,2.95,1.8,A,A,True,<answer>A</answer>
7125,2636,2.56,1.4,A,B,False,<answer>B</answer>
2503,7938,3.1,2.0,A,B,False,<answer>B</answer>
2584,6938,3.45,2.33,A,A,True,<answer>A</answer>
3748,3300,3.2,1.29,A,A,True,<answer>A</answer>
338,3922,3.0,1.95,A,B,False,<answer>B</answer>
7370,5088,2.0,3.21,B,B,True,<answer>B</answer>
4169,5899,1.55,2.59,B,B,True,<answer>B</answer>
1902,4906,3.6,1.33,A,B,False,<answer>B</answer>
5249,4294,3.3,1.58,A,A,True,<answer>A</answer>
2025,1881,2.95,1.95,A,B,False,<answer>B</answer>
903,4549,1.25,2.95,B,A,False,<answer>A</answer>
6953,5539,2.11,3.37,B,A,False,<answer>A</answer>
5957,2740,3.25,1.29,A,B,False,<answer>B</answer>
4279,4231,1.31,2.55,B,B,True,<answer>B</answer>
528,886,1.39,2.55,B,B,True,<answer>B</answer>
99,6501,2.58,1.56,A,A,True,<answer>A</answer>
2811,2036,3.0,1.85,A,A,True,<answer>A</answer>
7385,4981,1.38,2.58,B,B,True,<answer>B</answer>
4428,3401,2.68,1.3,A,B,False,<answer>B</answer>
3784,1600,1.92,3.15,B,B,True,<answer>B</answer>
2704,5389,2.9,1.85,A,B,False,<answer>B</answer>
6773,2875,2.95,1.95,A,B,False,<answer>B</answer>
3,408,1.95,0.27,A,A,True,<answer>A</answer>
143,3647,3.4,2.38,A,B,False,<answer>B</answer>
1297,2140,3.15,1.59,A,A,True,<answer>A</answer>
294,5559,1.95,3.05,B,A,False,<answer>A</answer>
1902,4008,3.6,1.72,A,B,False,<answer>B</answer>
2704,1615,2.9,1.8,A,B,False,<answer>B</answer>
6308,400,1.22,2.3,B,A,False,<answer>A</answer>
3122,6040,1.67,3.16,B,B,True,<answer>B</answer>
7403,7691,2.05,3.25,B,B,True,<answer>B</answer>
852,5274,2.55,1.47,A,B,False,<answer>B</answer>
6342,3737,1.63,2.65,B,A,False,<answer>A</answer>
3554,323,3.35,2.06,A,B,False,<answer>B</answer>
577,7473,1.4,2.65,B,A,False,<answer>A</answer>
6457,3078,2.6,1.55,A,A,True,<answer>A</answer>
4884,7942,1.65,2.75,B,A,False,<answer>A</answer>
4940,7307,2.7,1.32,A,A,True,<answer>A</answer>
1143,3361,2.93,1.87,A,B,False,<answer>B</answer>
6705,1945,1.9,2.9,B,B,True,<answer>B</answer>
7219,550,2.25,3.5,B,B,True,<answer>B</answer>
4969,7274,2.61,1.5,A,B,False,<answer>B</answer>
1439,6672,2.85,1.69,A,B,False,<answer>B</answer>
4018,2767,3.11,1.64,A,B,False,<answer>B</answer>
2532,1290,2.88,1.74,A,A,True,<answer>A</answer>
5625,4739,3.0,0.83,A,A,True,<answer>A</answer>
5697,7821,1.8,2.83,B,A,False,<answer>A</answer>
7877,550,2.5,3.5,B,B,True,<answer>B</answer>
4661,4232,1.7,2.75,B,A,False,<answer>A</answer>
1305,7160,2.55,0.56,A,A,True,<answer>A</answer>
1148,6445,2.38,1.24,A,B,False,<answer>B</answer>
6032,1252,2.11,3.2,B,B,True,<answer>B</answer>
2410,6642,3.35,2.24,A,B,False,<answer>B</answer>
79,3310,2.6,0.83,A,B,False,<answer>B</answer>
5016,2352,1.84,2.95,B,B,True,<answer>B</answer>
6526,3045,0.6,2.65,B,B,True,<answer>B</answer>
6965,4898,2.9,1.75,A,A,True,<answer>A</answer>
5576,1425,1.39,2.9,B,B,True,<answer>B</answer>
3704,5790,3.25,1.63,A,B,False,<answer>B</answer>
877,5629,2.65,1.63,A,B,False,<answer>B</answer>
7432,1555,3.25,1.95,A,A,True,<answer>A</answer>
4951,784,1.53,3.0,B,B,True,<answer>B</answer>
2827,6333,1.13,2.6,B,A,False,<answer>A</answer>
6759,1953,1.11,2.5,B,B,True,<answer>B</answer>
6811,949,0.84,2.47,B,A,False,<answer>A</answer>
3284,5501,1.88,2.89,B,B,True,<answer>B</answer>
5398,3481,1.75,2.9,B,B,True,<answer>B</answer>
5556,869,2.65,1.32,A,A,True,<answer>A</answer>
6777,6224,3.0,1.85,A,A,True,<answer>A</answer>
3701,5477,2.5,1.22,A,B,False,"I find <answer>B</answer> to be funnier. The idea that social media use among teenagers has reached such an extreme that 1 out of 3 teenagers is now a phone is a humorous exaggeration. It plays on the common phrase ""1 out of 3 people"" followed by a surprising statement. The other option, while somewhat humorous, relies on a more straightforward punchline about internet censorship based on a specific opinion."
3909,1874,0.87,2.47,B,A,False,<answer>A</answer>
4803,7201,1.7,3.2,B,B,True,<answer>B</answer>
2316,1571,2.3,1.06,A,B,False,<answer>B</answer>
2721,7942,1.67,2.75,B,B,True,<answer>B</answer>
4988,6574,3.0,1.75,A,B,False,<answer>B</answer>
4522,7145,1.75,3.11,B,A,False,<answer>A</answer>
3682,6775,2.9,1.55,A,B,False,<answer>B</answer>
5147,5805,3.35,2.0,A,B,False,<answer>B</answer>
1436,7275,1.42,2.55,B,B,True,<answer>B</answer>
7511,527,1.05,2.9,B,A,False,<answer>A</answer>
300,7352,2.16,3.5,B,A,False,<answer>A</answer>
2920,2296,0.81,1.85,B,A,False,<answer>A</answer>
7191,221,2.1,3.15,B,B,True,<answer>B</answer>
3213,2936,2.6,0.65,A,A,True,<answer>A</answer>
1079,5424,1.05,2.74,B,B,True,<answer>B</answer>
5058,5117,0.59,2.4,B,B,True,<answer>B</answer>
6501,5795,1.56,3.0,B,B,True,<answer>B</answer>
6601,6721,2.8,1.65,A,A,True,<answer>A</answer>
4966,1938,1.63,2.89,B,B,True,<answer>B</answer>
3646,5379,1.65,2.79,B,B,True,<answer>B</answer>
6222,322,2.95,1.94,A,B,False,<answer>B</answer>
843,6003,1.9,2.95,B,B,True,<answer>B</answer>
6492,271,2.71,1.0,A,A,True,<answer>A</answer>
2118,6332,0.7,3.25,B,A,False,<answer>A</answer>
5440,3048,2.95,0.68,A,B,False,<answer>B</answer>
1026,2591,1.35,2.55,B,A,False,<answer>A</answer>
1668,6133,2.4,1.11,A,A,True,<answer>A</answer>
2047,7091,1.21,3.1,B,B,True,<answer>B</answer>
273,6627,2.7,1.65,A,A,True,<answer>A</answer>
2236,1814,2.1,1.07,A,B,False,<answer>B</answer>
1770,2089,3.79,2.58,A,B,False,<answer>B</answer>
2337,1467,1.39,3.0,B,B,True,<answer>B</answer>
7666,5382,1.0,3.06,B,A,False,<answer>A</answer>
6610,1698,1.83,3.21,B,A,False,<answer>A</answer>
3976,5005,2.74,1.65,A,B,False,<answer>B</answer>
1973,5980,1.61,2.89,B,A,False,<answer>A</answer>
1342,1958,1.07,2.9,B,B,True,<answer>B</answer>
5355,4424,2.28,1.0,A,B,False,<answer>B</answer>
6445,5755,1.24,2.85,B,B,True,<answer>B</answer>
880,2053,1.58,2.85,B,B,True,<answer>B</answer>
5029,4369,3.35,2.22,A,A,True,<answer>A</answer>
3668,5110,1.05,2.75,B,A,False,<answer>A</answer>
576,550,2.28,3.5,B,B,True,<answer>B</answer>
2578,1780,3.53,1.65,A,A,True,<answer>A</answer>
2567,5559,1.59,3.05,B,A,False,<answer>A</answer>
867,5,1.18,2.78,B,B,True,<answer>B</answer>
2909,6203,1.45,2.95,B,A,False,<answer>A</answer>
3428,7662,1.88,0.1,A,B,False,<answer>B</answer>
6984,2081,1.45,2.68,B,A,False,<answer>A</answer>
3705,7882,1.78,3.05,B,B,True,<answer>B</answer>
4383,7511,2.41,1.05,A,A,True,<answer>A</answer>
402,4419,3.11,1.63,A,B,False,<answer>B</answer>
4088,1587,1.5,2.53,B,A,False,<answer>A</answer>
5383,5717,3.16,2.11,A,A,True,<answer>A</answer>
30,663,1.21,2.33,B,A,False,<answer>A</answer>
1790,427,2.75,1.69,A,A,True,<answer>A</answer>
1156,7589,0.95,2.0,B,A,False,<answer>A</answer>
6480,5193,1.25,2.58,B,B,True,<answer>B</answer>
850,6131,3.33,1.42,A,B,False,<answer>B</answer>
6569,2973,1.0,2.15,B,A,False,<answer>A</answer>
6005,6265,2.78,1.7,A,B,False,<answer>B</answer>
5568,3126,2.61,1.5,A,B,False,<answer>B</answer>
7797,4014,3.35,1.4,A,A,True,<answer>A</answer>
4333,5629,3.0,1.63,A,B,False,<answer>B</answer>
2443,7511,3.0,1.05,A,B,False,<answer>B</answer>
1243,5529,2.6,1.16,A,A,True,<answer>A</answer>
37,4462,2.53,0.8,A,A,True,<answer>A</answer>
6682,4398,1.58,2.85,B,B,True,<answer>B</answer>
6057,7158,1.65,2.9,B,A,False,<answer>A</answer>
511,3052,1.22,2.26,B,B,True,<answer>B</answer>
3636,7113,1.5,2.67,B,B,True,<answer>B</answer>
1320,1741,2.95,1.95,A,A,True,<answer>A</answer>
4802,2198,3.35,2.25,A,A,True,<answer>A</answer>
3824,4105,1.95,3.4,B,A,False,<answer>A</answer>
1641,6369,2.9,1.88,A,B,False,<answer>B</answer>
1225,4724,1.33,3.35,B,B,True,<answer>B</answer>
239,1142,1.11,2.9,B,A,False,<answer>A</answer>
4528,2150,1.74,2.8,B,B,True,<answer>B</answer>
5745,5174,3.05,2.05,A,A,True,<answer>A</answer>
481,550,1.0,3.5,B,B,True,<answer>B</answer>
6147,4179,3.3,1.6,A,B,False,<answer>B</answer>
1842,3429,1.74,3.15,B,B,True,<answer>B</answer>
999,4833,1.72,0.18,A,B,False,<answer>B</answer>
297,348,2.05,3.1,B,B,True,<answer>B</answer>
4419,3508,1.63,2.85,B,B,True,<answer>B</answer>
7655,2805,2.84,1.7,A,B,False,<answer>B</answer>
3676,632,3.55,2.21,A,B,False,<answer>B</answer>
537,5359,0.74,3.4,B,A,False,<answer>A</answer>
7847,7451,1.77,3.12,B,A,False,<answer>A</answer>
1079,3290,1.05,2.55,B,B,True,<answer>B</answer>
5418,75,2.6,1.36,A,B,False,<answer>B</answer>
2497,6518,2.4,1.26,A,B,False,<answer>B</answer>
4559,3879,3.15,1.73,A,B,False,<answer>B</answer>
7845,5477,2.85,1.22,A,A,True,<answer>A</answer>
7845,2537,2.85,1.0,A,B,False,<answer>B</answer>
5239,1780,3.37,1.65,A,B,False,<answer>B</answer>
3676,1507,3.55,1.7,A,B,False,<answer>B</answer>
2782,1475,1.84,3.1,B,A,False,<answer>A</answer>
5498,175,1.82,3.25,B,B,True,<answer>B</answer>
1937,1972,1.26,2.6,B,B,True,<answer>B</answer>
4905,1658,0.79,3.2,B,A,False,<answer>A</answer>
5887,2657,2.05,3.15,B,A,False,<answer>A</answer>
2694,3827,1.33,2.6,B,B,True,<answer>B</answer>
5189,6312,3.68,1.9,A,B,False,<answer>B</answer>
2908,7321,2.35,0.3,A,B,False,<answer>B</answer>
1466,1941,1.85,2.9,B,A,False,<answer>A</answer>
1314,3385,1.22,2.7,B,B,True,<answer>B</answer>
3249,7381,2.1,3.11,B,B,True,<answer>B</answer>
48,7010,1.5,2.68,B,A,False,<answer>A</answer>
7354,5597,2.29,3.55,B,B,True,<answer>B</answer>
5658,3334,2.32,1.11,A,A,True,I find <answer>A</answer> to be funnier.
7994,7498,3.7,2.33,A,B,False,<answer>B</answer>
7465,208,1.26,2.3,B,A,False,<answer>A</answer>
6191,2710,2.42,1.37,A,B,False,<answer>B</answer>
5433,1615,2.94,1.8,A,B,False,<answer>B</answer>
1597,1247,2.84,1.75,A,A,True,<answer>A</answer>
7944,7137,3.3,1.95,A,B,False,<answer>B</answer>
2103,3114,1.78,3.25,B,A,False,<answer>A</answer>
3909,1775,0.87,2.0,B,A,False,<answer>A</answer>
5976,3002,1.4,2.7,B,B,True,<answer>B</answer>
6276,2132,2.82,1.2,A,A,True,<answer>A</answer>
1452,1123,2.55,0.95,A,B,False,<answer>B</answer>
7857,7774,1.35,2.6,B,B,True,<answer>B</answer>
6014,2112,2.0,3.2,B,B,True,<answer>B</answer>
5911,2299,1.86,3.06,B,A,False,<answer>A</answer>
7116,4999,1.65,2.9,B,B,True,<answer>B</answer>
1547,1704,4.0,2.0,A,B,False,<answer>B</answer>
3055,7090,2.5,1.45,A,B,False,<answer>B</answer>
7438,1522,3.05,1.62,A,A,True,<answer>A</answer>
2389,7160,2.2,0.56,A,A,True,<answer>A</answer>
3207,7160,1.63,0.56,A,A,True,<answer>A</answer>
6112,4262,1.17,3.1,B,A,False,<answer>A</answer>
2526,6364,1.7,2.7,B,B,True,<answer>B</answer>
1308,5829,1.94,3.1,B,A,False,<answer>A</answer>
4945,7160,2.65,0.56,A,A,True,<answer>A</answer>
5043,1546,1.94,3.1,B,B,True,<answer>B</answer>
3459,3868,1.65,2.7,B,A,False,<answer>A</answer>
7979,7655,1.83,2.84,B,B,True,<answer>B</answer>
4169,554,1.55,2.95,B,A,False,<answer>A</answer>
37,3469,2.53,3.53,B,A,False,<answer>A</answer>
6840,4803,3.6,1.7,A,A,True,<answer>A</answer>
5382,2005,3.06,1.87,A,B,False,<answer>B</answer>
5495,1997,2.6,1.25,A,A,True,<answer>A</answer>
550,7337,3.5,2.45,A,A,True,<answer>A</answer>
689,6223,1.45,2.6,B,A,False,<answer>A</answer>
7413,6104,1.27,2.5,B,B,True,<answer>B</answer>
1671,7380,1.95,3.6,B,B,True,<answer>B</answer>
837,7010,1.65,2.68,B,B,True,<answer>B</answer>
4080,7585,1.33,3.05,B,B,True,<answer>B</answer>
3226,5597,2.2,3.55,B,A,False,<answer>A</answer>
5353,3048,2.05,0.68,A,B,False,<answer>B</answer>
2483,7214,1.85,2.9,B,B,True,<answer>B</answer>
3716,3847,3.26,2.18,A,B,False,<answer>B</answer>
7049,6687,1.84,2.85,B,B,True,<answer>B</answer>
1802,4386,3.15,1.6,A,A,True,<answer>A</answer>
2867,2764,1.8,3.0,B,A,False,<answer>A</answer>
7223,624,3.26,1.82,A,A,True,<answer>A</answer>
6518,2616,1.26,2.33,B,B,True,<answer>B</answer>
5401,455,3.32,2.0,A,B,False,<answer>B</answer>
4419,5023,1.63,2.89,B,B,True,<answer>B</answer>
6577,3505,2.85,1.68,A,B,False,<answer>B</answer>
755,1797,1.45,2.95,B,A,False,<answer>A</answer>
3870,7162,2.07,3.4,B,B,True,<answer>B</answer>
2114,2848,2.82,1.68,A,A,True,<answer>A</answer>
1983,6697,1.42,2.44,B,A,False,<answer>A</answer>
3898,481,2.5,1.0,A,B,False,<answer>B</answer>
7123,5409,1.42,2.45,B,B,True,<answer>B</answer>
3150,6514,1.79,2.9,B,B,True,<answer>B</answer>
233,552,2.74,1.63,A,B,False,<answer>B</answer>
723,6898,1.42,3.1,B,B,True,<answer>B</answer>
5189,4798,3.68,2.3,A,A,True,<answer>A</answer>
950,6045,3.0,1.75,A,B,False,<answer>B</answer>
6419,5654,1.56,3.65,B,A,False,<answer>A</answer>
7360,4034,2.6,1.38,A,A,True,<answer>A</answer>
4533,2572,3.0,1.95,A,B,False,<answer>B</answer>
693,1361,2.94,1.3,A,A,True,<answer>A</answer>
5995,233,1.32,2.74,B,B,True,<answer>B</answer>
6719,617,3.4,2.3,A,B,False,<answer>B</answer>
2418,201,1.28,2.45,B,A,False,<answer>A</answer>
6052,7978,1.5,2.5,B,B,True,<answer>B</answer>
7540,5112,2.58,1.35,A,B,False,<answer>B</answer>
1446,2526,0.33,1.7,B,A,False,<answer>A</answer>
5714,1894,2.4,1.38,A,B,False,<answer>B</answer>
2074,5278,1.38,2.8,B,B,True,<answer>B</answer>
6063,5562,2.06,3.4,B,A,False,<answer>A</answer>
2859,2322,0.6,2.05,B,B,True,<answer>B</answer>
2872,951,1.9,3.06,B,A,False,<answer>A</answer>
1308,1955,1.94,3.25,B,A,False,<answer>A</answer>
7585,4457,3.05,0.68,A,B,False,<answer>B</answer>
6815,91,1.65,2.79,B,A,False,<answer>A</answer>
997,1072,3.05,1.37,A,A,True,<answer>A</answer>
867,621,1.18,2.41,B,B,True,<answer>B</answer>
1062,3883,2.9,1.72,A,A,True,<answer>A</answer>
7951,5874,1.65,2.8,B,B,True,<answer>B</answer>
4562,1845,0.7,2.72,B,A,False,<answer>A</answer>
619,2160,2.8,1.5,A,A,True,<answer>A</answer>
2589,879,1.8,3.25,B,B,True,<answer>B</answer>
4169,4753,1.55,2.62,B,A,False,<answer>A</answer>
1507,5053,1.7,2.85,B,A,False,<answer>A</answer>
5625,3153,3.0,1.58,A,A,True,<answer>A</answer>
1772,4214,2.5,1.25,A,B,False,<answer>B</answer>
2526,1630,1.7,2.75,B,A,False,<answer>A</answer>
4280,7681,1.61,3.45,B,B,True,<answer>B</answer>
6766,563,2.6,1.35,A,A,True,<answer>A</answer>
3140,687,1.5,3.68,B,B,True,<answer>B</answer>
1349,3326,2.0,1.0,A,B,False,<answer>B</answer>
7099,1446,2.0,0.33,A,B,False,<answer>B</answer>
6811,2282,0.84,3.35,B,A,False,<answer>A</answer>
999,177,1.72,3.0,B,B,True,<answer>B</answer>
4221,7214,1.8,2.9,B,A,False,<answer>A</answer>
798,6327,0.78,2.22,B,B,True,<answer>B</answer>
6570,3133,2.63,1.44,A,B,False,<answer>B</answer>
4629,4343,2.25,0.53,A,A,True,<answer>A</answer>
3517,5378,2.85,1.81,A,A,True,<answer>A</answer>
2326,950,1.8,3.0,B,B,True,<answer>B</answer>
2122,204,3.1,1.56,A,B,False,<answer>B</answer>
7197,5753,2.7,1.06,A,B,False,<answer>B</answer>
7943,3331,3.05,1.8,A,A,True,<answer>A</answer>
1742,3861,1.6,3.0,B,A,False,<answer>A</answer>
2480,348,1.75,3.1,B,B,True,<answer>B</answer>
3657,5999,0.68,2.58,B,B,True,<answer>B</answer>
6116,6544,1.56,3.4,B,B,True,<answer>B</answer>
6515,5117,3.65,2.4,A,B,False,<answer>B</answer>
4236,6845,1.47,2.95,B,B,True,<answer>B</answer>
6532,502,1.26,2.63,B,A,False,<answer>A</answer>
503,7552,1.68,2.85,B,B,True,<answer>B</answer>
2296,5359,1.85,3.4,B,A,False,<answer>A</answer>
4545,7038,2.1,3.26,B,A,False,<answer>A</answer>
6672,2971,1.69,2.75,B,B,True,<answer>B</answer>
200,4243,2.65,1.25,A,A,True,<answer>A</answer>
103,2976,0.27,2.28,B,B,True,<answer>B</answer>
6021,3890,2.85,1.85,A,B,False,<answer>B</answer>
1298,3154,3.05,1.75,A,B,False,<answer>B</answer>
5692,7403,3.1,2.05,A,B,False,<answer>B</answer>
3712,5864,3.16,1.9,A,B,False,<answer>B</answer>
6765,4463,1.37,2.37,B,B,True,<answer>B</answer>
5625,4831,3.0,1.7,A,A,True,<answer>A</answer>
1596,1095,2.3,1.26,A,A,True,<answer>A</answer>
4072,4960,3.35,1.55,A,B,False,<answer>B</answer>
7375,2423,3.11,2.05,A,B,False,<answer>B</answer>
5497,2002,1.53,2.6,B,B,True,<answer>B</answer>
3815,4906,3.0,1.33,A,B,False,<answer>B</answer>
6973,904,1.89,3.4,B,A,False,<answer>A</answer>
1793,1415,1.57,3.4,B,A,False,<answer>A</answer>
4638,2403,2.7,1.55,A,B,False,<answer>B</answer>
2071,7580,3.15,1.94,A,B,False,<answer>B</answer>
1201,6771,3.05,1.93,A,A,True,<answer>A</answer>
7353,3204,3.6,1.55,A,B,False,<answer>B</answer>
829,6063,3.1,2.06,A,B,False,<answer>B</answer>
2619,5876,1.65,2.7,B,A,False,<answer>A</answer>
1641,5567,2.9,1.82,A,A,True,<answer>A</answer>
6524,6138,2.89,0.6,A,A,True,<answer>A</answer>
4400,7578,1.95,3.5,B,B,True,<answer>B</answer>
2328,7578,1.73,3.5,B,B,True,<answer>B</answer>
7916,6208,1.15,2.74,B,A,False,<answer>A</answer>
1506,6581,2.8,1.74,A,B,False,<answer>B</answer>
7688,7413,3.33,1.27,A,A,True,<answer>A</answer>
7357,6463,3.1,1.94,A,B,False,<answer>B</answer>
5821,7544,3.45,2.3,A,A,True,<answer>A</answer>
2787,4957,1.75,3.47,B,B,True,<answer>B</answer>
5157,1079,2.6,1.05,A,B,False,<answer>B</answer>
2112,2740,3.2,1.29,A,B,False,<answer>B</answer>
5449,6108,1.55,3.35,B,B,True,<answer>B</answer>
5926,1828,1.1,2.75,B,A,False,<answer>A</answer>
7024,5810,1.06,2.89,B,A,False,<answer>A</answer>
2551,7588,1.84,3.5,B,B,True,<answer>B</answer>
6906,3999,1.0,2.1,B,B,True,<answer>B</answer>
2348,3744,2.5,1.29,A,A,True,<answer>A</answer>
4636,5061,1.32,2.85,B,B,True,<answer>B</answer>
862,20,2.6,1.55,A,B,False,<answer>B</answer>
7748,1725,1.8,2.9,B,A,False,<answer>A</answer>
1297,214,3.15,1.3,A,B,False,<answer>B</answer>
1746,4074,3.2,2.2,A,B,False,<answer>B</answer>
358,3442,2.1,0.75,A,B,False,<answer>B</answer>
6346,2172,2.0,3.06,B,B,True,<answer>B</answer>
1129,5880,3.15,2.11,A,A,True,<answer>A</answer>
3735,7058,3.11,1.85,A,A,True,<answer>A</answer>
103,2124,0.27,2.37,B,B,True,<answer>B</answer>
1675,213,0.67,2.47,B,B,True,<answer>B</answer>
5995,7486,1.32,2.65,B,B,True,<answer>B</answer>
4934,5875,1.39,2.4,B,A,False,<answer>A</answer>
3782,5660,3.32,2.0,A,B,False,<answer>B</answer>
1425,6348,2.9,1.37,A,B,False,<answer>B</answer>
6121,3334,3.0,1.11,A,A,True,I find <answer>A</answer> to be funnier.
2740,353,1.29,2.7,B,B,True,<answer>B</answer>
2172,6463,3.06,1.94,A,A,True,<answer>A</answer>
1117,6147,1.89,3.3,B,A,False,<answer>A</answer>
3814,620,2.79,1.42,A,A,True,<answer>A</answer>
3982,6507,1.74,2.95,B,B,True,<answer>B</answer>
329,221,1.61,3.15,B,B,True,<answer>B</answer>
3366,7918,1.9,3.0,B,A,False,<answer>A</answer>
76,7451,1.95,3.12,B,A,False,<answer>A</answer>
5226,5797,1.47,2.47,B,A,False,<answer>A</answer>
652,5933,2.58,1.55,A,B,False,<answer>B</answer>
492,3349,0.94,2.13,B,B,True,<answer>B</answer>
6573,5241,1.6,2.6,B,A,False,<answer>A</answer>
7031,6520,2.75,1.7,A,B,False,<answer>B</answer>
5829,1615,3.1,1.8,A,B,False,<answer>B</answer>
5462,5088,2.21,3.21,B,B,True,<answer>B</answer>
7578,6354,3.5,2.25,A,B,False,<answer>B</answer>
2433,2790,3.25,2.06,A,A,True,<answer>A</answer>
5461,716,2.95,1.79,A,B,False,<answer>B</answer>
1263,7242,2.85,1.28,A,A,True,<answer>A</answer>
1497,1103,3.05,2.05,A,B,False,<answer>B</answer>
6663,7797,2.21,3.35,B,B,True,<answer>B</answer>
917,7253,1.72,3.2,B,B,True,<answer>B</answer>
1615,2156,1.8,2.89,B,B,True,<answer>B</answer>
7579,5844,2.5,1.2,A,A,True,<answer>A</answer>
2303,803,1.58,3.4,B,B,True,<answer>B</answer>
1218,1107,2.35,1.22,A,A,True,<answer>A</answer>
5644,7432,1.74,3.25,B,B,True,<answer>B</answer>
5212,7679,0.45,2.11,B,A,False,<answer>A</answer>
3553,564,1.21,3.16,B,B,True,<answer>B</answer>
4700,1506,1.47,2.8,B,A,False,<answer>A</answer>
5401,3660,3.32,1.42,A,A,True,<answer>A</answer>
6640,7077,0.68,2.21,B,B,True,<answer>B</answer>
5658,290,2.32,1.18,A,B,False,<answer>B</answer>
1181,831,1.44,2.83,B,A,False,<answer>A</answer>
2192,2703,2.69,1.55,A,B,False,<answer>B</answer>
2819,6291,3.2,2.0,A,B,False,<answer>B</answer>
2217,289,1.5,2.53,B,B,True,<answer>B</answer>
1939,6557,1.61,3.1,B,A,False,<answer>A</answer>
4215,413,1.6,3.0,B,B,True,<answer>B</answer>
3636,3827,1.5,2.6,B,B,True,<answer>B</answer>
7607,7253,1.8,3.2,B,A,False,<answer>A</answer>
5316,38,1.53,2.95,B,A,False,<answer>A</answer>
6853,1390,2.85,1.74,A,B,False,<answer>B</answer>
5844,4138,1.2,2.7,B,A,False,<answer>A</answer>
4337,4503,2.12,0.82,A,B,False,<answer>B</answer>
3276,5077,2.55,1.1,A,A,True,<answer>A</answer>
915,1523,3.05,1.81,A,A,True,<answer>A</answer>
5042,732,2.26,3.26,B,A,False,<answer>A</answer>
3326,7699,1.0,2.53,B,B,True,<answer>B</answer>
4990,3644,2.5,1.37,A,A,True,<answer>A</answer>
6578,5733,3.25,1.72,A,B,False,<answer>B</answer>
2171,3478,1.95,3.05,B,B,True,<answer>B</answer>
5373,5073,1.38,3.13,B,B,True,<answer>B</answer>
5264,4424,2.53,1.0,A,A,True,<answer>A</answer>
1376,369,3.05,1.25,A,B,False,<answer>B</answer>
6661,3334,2.55,1.11,A,B,False,<answer>B</answer>
6853,5163,2.85,1.84,A,B,False,<answer>B</answer>
1446,189,0.33,2.5,B,A,False,<answer>A</answer>
2307,7669,1.45,2.65,B,B,True,<answer>B</answer>
3631,174,3.15,1.72,A,B,False,<answer>B</answer>
5659,2200,2.75,1.55,A,B,False,<answer>B</answer>
7356,6115,2.75,1.75,A,B,False,<answer>B</answer>
6662,4301,2.47,1.17,A,A,True,<answer>A</answer>
4479,1955,1.69,3.25,B,A,False,<answer>A</answer>
5940,2064,1.65,3.2,B,A,False,<answer>A</answer>
5988,1124,3.25,2.25,A,B,False,<answer>B</answer>
2727,5279,0.95,2.1,B,A,False,<answer>A</answer>
2274,6467,1.5,2.74,B,B,True,<answer>B</answer>
880,5148,1.58,2.58,B,B,True,<answer>B</answer>
3053,4312,1.8,2.9,B,A,False,<answer>A</answer>
469,1380,2.89,0.88,A,B,False,<answer>B</answer>
1432,7336,2.0,3.21,B,B,True,<answer>B</answer>
4243,3200,1.25,2.78,B,A,False,<answer>A</answer>
6649,6800,1.5,2.9,B,B,True,<answer>B</answer>
796,4066,2.25,3.8,B,B,True,<answer>B</answer>
7681,1777,3.45,1.9,A,B,False,<answer>B</answer>
1187,7943,0.47,3.05,B,B,True,<answer>B</answer>
5976,7865,1.4,2.6,B,B,True,<answer>B</answer>
6853,6830,2.85,1.45,A,B,False,<answer>B</answer>
1637,143,2.11,3.4,B,B,True,<answer>B</answer>
7343,3831,2.53,1.29,A,B,False,<answer>B</answer>
4103,5425,1.8,3.2,B,A,False,<answer>A</answer>
3571,5627,2.32,3.32,B,B,True,<answer>B</answer>
4934,3970,1.39,3.1,B,A,False,<answer>A</answer>
6219,3573,1.43,2.47,B,B,True,<answer>B</answer>
190,4884,2.9,1.65,A,B,False,<answer>B</answer>
7272,5597,1.4,3.55,B,A,False,<answer>A</answer>
5029,7099,3.35,2.0,A,B,False,<answer>B</answer>
7411,7373,2.72,1.26,A,B,False,<answer>B</answer>
6261,7024,2.41,1.06,A,A,True,<answer>A</answer>
950,6419,3.0,1.56,A,B,False,<answer>B</answer>
4825,6019,3.15,1.47,A,A,True,<answer>A</answer>
7665,7426,2.67,1.46,A,A,True,<answer>A</answer>
5058,2482,0.59,2.55,B,B,True,<answer>B</answer>
1043,7345,3.1,1.21,A,B,False,<answer>B</answer>
6433,6109,2.79,1.44,A,A,True,<answer>A</answer>
991,1290,0.27,1.74,B,B,True,<answer>B</answer>
2184,1890,3.26,1.93,A,B,False,<answer>B</answer>
693,3509,2.94,1.65,A,B,False,<answer>B</answer>
591,6428,2.89,1.58,A,A,True,<answer>A</answer>
1700,6697,1.37,2.44,B,A,False,<answer>A</answer>
5448,4530,2.55,1.1,A,B,False,<answer>B</answer>
2295,2794,3.15,1.95,A,A,True,<answer>A</answer>
2430,2160,3.28,1.5,A,B,False,<answer>B</answer>
3192,6006,2.47,1.41,A,B,False,<answer>B</answer>
948,5597,2.36,3.55,B,A,False,<answer>A</answer>
860,771,1.05,2.65,B,A,False,<answer>A</answer>
1069,572,1.36,3.05,B,A,False,<answer>A</answer>
5846,3026,2.45,1.4,A,B,False,<answer>B</answer>
6131,428,1.42,2.45,B,B,True,<answer>B</answer>
3883,4336,1.72,2.75,B,B,True,<answer>B</answer>
1889,7522,1.94,3.42,B,A,False,<answer>A</answer>
5496,7875,3.25,2.05,A,B,False,<answer>B</answer>
4563,1761,2.63,0.45,A,A,True,<answer>A</answer>
2666,4129,2.5,1.25,A,B,False,<answer>B</answer>
467,922,0.93,2.82,B,A,False,<answer>A</answer>
4782,2819,1.89,3.2,B,A,False,<answer>A</answer>
7242,3627,1.28,2.4,B,B,True,<answer>B</answer>
7269,2909,2.53,1.45,A,A,True,<answer>A</answer>
3036,4215,3.05,1.6,A,A,True,<answer>A</answer>
5916,5902,3.3,2.3,A,B,False,<answer>B</answer>
557,6526,2.36,0.6,A,A,True,<answer>A</answer>
5157,1261,2.6,1.2,A,A,True,"I find <answer>A</answer> to be funnier. The absurdity of attributing gender pronouns to an inanimate object like a chocolate bar is quite humorous. While <answer>B</answer> is also a bit humorous due to its blunt and politically incorrect nature, the absurdity of <answer>A</answer> is more pronounced and thus funnier in my view."
4350,3909,1.9,0.87,A,A,True,<answer>A</answer>
5392,4934,2.47,1.39,A,B,False,<answer>B</answer>
7505,4736,2.05,3.1,B,B,True,<answer>B</answer>
4462,2831,0.8,2.67,B,B,True,<answer>B</answer>
2433,4591,3.25,1.89,A,A,True,<answer>A</answer>
4496,5842,1.47,3.32,B,A,False,<answer>A</answer>
5876,2537,2.7,1.0,A,B,False,<answer>B</answer>
4692,7824,2.5,0.64,A,A,True,<answer>A</answer>
371,3065,2.61,1.25,A,A,True,<answer>A</answer>
623,859,1.7,2.93,B,B,True,<answer>B</answer>
5216,3815,1.79,3.0,B,A,False,<answer>A</answer>
5696,593,2.1,1.0,A,A,True,<answer>A</answer>
7201,942,3.2,1.75,A,A,True,<answer>A</answer>
4457,2326,0.68,1.8,B,A,False,<answer>A</answer>
4509,7517,1.56,3.05,B,B,True,<answer>B</answer>
436,917,3.32,1.72,A,A,True,<answer>A</answer>
577,3208,1.4,2.79,B,B,True,<answer>B</answer>
3826,4071,1.2,2.53,B,A,False,<answer>A</answer>
6525,956,1.47,0.1,A,A,True,<answer>A</answer>
1410,3791,1.4,2.47,B,A,False,<answer>A</answer>
177,2021,3.0,1.56,A,A,True,<answer>A</answer>
5898,2920,2.3,0.81,A,A,True,<answer>A</answer>
6057,4428,1.65,2.68,B,B,True,<answer>B</answer>
4283,7502,2.62,1.6,A,A,True,<answer>A</answer>
1211,4559,1.78,3.15,B,A,False,<answer>A</answer>
2254,1315,1.35,2.95,B,B,True,<answer>B</answer>
7602,6462,2.45,1.38,A,B,False,<answer>B</answer>
879,7263,3.25,2.1,A,A,True,<answer>A</answer>
3045,1820,2.65,1.56,A,B,False,<answer>B</answer>
6442,3703,3.1,1.67,A,B,False,<answer>B</answer>
5407,611,1.89,3.05,B,B,True,<answer>B</answer>
2608,38,1.24,2.95,B,B,True,<answer>B</answer>
6061,5839,3.11,1.78,A,A,True,<answer>A</answer>
7057,7730,2.6,1.2,A,A,True,<answer>A</answer>
2177,2014,1.6,3.1,B,B,True,<answer>B</answer>
6438,5597,1.82,3.55,B,A,False,<answer>A</answer>
5390,7401,2.15,0.89,A,A,True,<answer>A</answer>
536,6109,2.7,1.44,A,B,False,<answer>B</answer>
476,5852,1.2,2.53,B,B,True,<answer>B</answer>
4067,2506,2.88,1.75,A,B,False,<answer>B</answer>
5464,1847,1.55,2.75,B,B,True,<answer>B</answer>
4549,7362,2.95,1.68,A,B,False,<answer>B</answer>
7094,6522,3.15,2.15,A,A,True,<answer>A</answer>
7433,2651,1.35,2.35,B,A,False,<answer>A</answer>
3177,1797,1.94,2.95,B,B,True,<answer>B</answer>
3740,6112,2.53,1.17,A,A,True,<answer>A</answer>
1031,1043,1.45,3.1,B,B,True,<answer>B</answer>
7022,4857,2.63,1.19,A,A,True,<answer>A</answer>
6019,5327,1.47,3.35,B,B,True,<answer>B</answer>
7485,4931,1.18,2.68,B,B,True,<answer>B</answer>
291,7116,2.82,1.65,A,B,False,<answer>B</answer>
7916,5291,1.15,3.1,B,A,False,<answer>A</answer>
5929,4008,2.75,1.72,A,A,True,<answer>A</answer>
2112,5524,3.2,2.2,A,B,False,<answer>B</answer>
732,6011,3.26,2.25,A,A,True,<answer>A</answer>
